id,addr,pow_earn,referee_pos_earn,pos_earn,additional,earn_num,balance_eth,stake_num,total
1,0xd496e8A28e1544D3A1A191c09972EF9f0fee137a,0,17169.34926449,4845.0656497,0,22014.41491418,182.3815329813577,0.0,22196.796447164834
16,0x3a9070695d198ecb73a8d05b5e0351f69b067255,67.51348531,0,509.85632833,0,577.36981364,3.06434490978286,37200.0,37780.43415854979
17,0xa0485384adca712f22f208e23f1f61138d60cfd1,0,0,0,0,0,0,0.0,0
18,0x663b4ce29d965117bdd55945cc63d45c48c99019,0,0,0,0,0,0,0.0,0
19,0xc127c293e40b60b21261312e32d2a9fd35230cb4,0,0,0,0,0,0,0.0,0
20,0xcee283ec71640b2afc43a50ed5a66e2197d68655,62.34595346,68207.22012024,61689.63764097,0,129959.20371467,321.41115829127205,1619400.0,1749680.614872966
21,0xc86c3bbdbed69353855778c42589f4d65e1cd432,0,0,0,0,0,0,0.0,0
22,0xef3e9232470b929da84f38b5fef8202335e6fc10,365.70278111,0,0,0,365.70278111,428.4391345727199,0.0,794.14191567782
23,0xcec2f2a6d4f8da5af43975c729282b0841d26ff8,68.39438211,3296.61338617,2207.63687836,0,5572.64464664,7809.5920232222325,52800.0,66182.23666986077
24,0x3c9baae032b3a4b9860b33273e2a34fdb46dd848,6558.90564761,1036.52170871,24426.67819079,0,32022.10554711,49558.74271311241,621600.0,703180.8482602249
25,0xb19fef3052841948021416e1ae841c629020ef3a,68.45497129,77883.79976691,135262.89551717,0,213215.15025537,0.5378938522209387,3232200.0,3445415.688149226
26,0xbd151f07c3364a333bc6f56b6d8c3b7322fa3c1a,252.94874429,0,619.37648858,0,872.32523287,740.0833329407565,9600.0,11212.408565805767
27,0x8520dbe42563855ee9ae8c3387a0aea364a43b1a,843.16596674,0,2384.60941785,0,3227.77538459,1056.4040566522037,46200.0,50484.179441239896
28,0xcea801b3cf24e54c59aa527c42766aac887b8d68,421.58504315,0,1145.8569217,0,1567.44196485,680.5258964842371,22200.0,24447.967861330137
29,0x3a2c8deff02e984e716611b050759461bf5deb5b,758.85621487,0,2105.90798283,0,2864.76419769,921.1824332745182,40800.0,44585.946630966435
30,0x8d81fb4c72cb738f00a995a9db5027e3b7b4e0d8,168.63547495,0,371.63250988,0,540.26798482,412.9114489890877,7200.0,8153.1794338139225
31,0x3a7de99c249e1b6a1c3e5526f45cabcd5bdb73ea,590.22660236,0,1610.41425338,0,2200.64085575,1010.8022661590255,31200.0,34411.44312190617
32,0x8844861a005ce31ad9592ab571282973ea92dbc9,1011.82197609,0,2849.20847952,0,3861.03045561,1275.4204350357766,55200.0,60336.450890643355
33,0xfa42f463b3a4b932470e05613ed86abf9c0207b0,1770.6957783,0,5079.04497546,0,6849.74075376,1710.744248326185,98400.0,106960.48500208424
34,0x1ce7a5444af31ed8aaf68980e32021d648276d58,843.19195164,0,2353.71357689,0,3196.90552853,1227.1325499111229,45600.0,50024.03807843914
35,0xf66d78cf9cf35706560c36a71499904b4c480a7b,843.19512052,0,2384.69252586,0,3227.88764638,858.5199490240886,46200.0,50286.407595406534
36,0x2c0fd9575e4cbcd8733876ea1aa8cd91b7d0ac55,505.91916378,0,1362.68712153,0,1868.60628532,713.1898246085301,26400.0,28981.79610992484
37,0xfd7d0ccf2a9c5114683d8d53f68e83fd943392a2,252.96072269,0,619.40605269,0,872.36677538,554.7046714121867,12000.0,13427.07144679447
38,0x615cb40553342dc7de7eed34d1108088acae6b35,758.88502008,0,2105.98855677,0,2864.87357684,895.2935199715148,40800.0,44560.16709681346
39,0x13d3241edd4e0f3c837eae925c907fbcc0d23f04,51.39962504,198.38554619,18.82537999,0,268.61055122,0.15816156469162673,600.0,868.7687127883021
40,0x795159191e331e30bd9f84ecff21e34c907cb689,34.66675718,0,25.43322314,0,60.09998032,0.07387228824764643,600.0,660.1738526086581
41,0xe139b5deb54b038610b8cc571d03d09d49608c69,122.58296321,0,45.31187982,0,167.89484303,0.5135434093780705,600.0,768.4083864431109
42,0x3e7fe56dc4acc964fc1b6f5bcab9964df61ef91b,61.29124391,0,45.31169947,0,106.60294338,0.23617650665538323,600.0,706.8391198915299
43,0x963b440f3def15328a2600f2c5ae722f728f2911,204.96437461,3114.40100512,89.39310724,0,3408.75848697,14511.860289474744,600.0,18520.618776446692
44,0xad68caf2ce1d9de4aefccc36cda50ec735f1c95e,61.29105376,0,45.31155519,0,106.60260895,0.9471674455386176,600.0,707.5497763956464
45,0xacc5f472ad9002ff141ae9e0160d0d593e78c263,52.71423659,31.62854195,38.81313426,0,123.1559128,127.7798192098318,600.0,850.9357320056661
46,0x632c4a591565d1d1dadb5b4e225c23b224b52435,299.8542177,0,0,0,299.8542177,134.859757203615,0.0,434.713974902115
47,0xefd83898d4680cc7b58b75e5e63c3de213c118a2,243.74670825,0,109.824332,0,353.57104025,1097.8450704527017,600.0,2051.41611069847
48,0x34e0f339ef175705d0b58b677043175ce530ba94,159.65688886,1143.70383114,59.59982392,0,1362.96054392,1.2755450663498984,600.0,1964.2360889853117
49,0x1d4203d8a8a787a72ae1404bbc35c5c9fce2038f,159.65501903,0,1787.97283958,0,1947.62785861,1.6153942759509488,18000.0,19949.243252889148
50,0xc6c4c3c60dbbde68ad574bede4a0defa293636cb,159.65422673,0,1787.96356927,0,1947.61779599,1.8092070003328886,18000.0,19949.427002994715
51,0x37bcd0475ae5710ef2d57df3ad1ea4a4c6d997b2,365.70278111,5411.73146744,0,0,5777.43424855,945.4611310361903,0.0,6722.895379582738
52,0x2d87fc4f562b50e919653a9a7402eb35c354ddaf,159.65238859,0,1489.94098972,0,1649.59337831,249.12448658761204,15000.0,16898.71786489554
53,0xf29a95570b26aca0f8cf675f28aa7b4701eac591,159.65169136,0,59.59779681,0,219.24948817,1.0926051922399547,600.0,820.3420933607125
54,0x89b73a846510634cdd49ac3ec23ea89a99114189,731.40556221,0,1467.27039442,0,2198.67595663,349.450643655467,1800.0,4348.126600284054
55,0x3ce6fb0dba7c39872964cb7f44d7a4e49db04b88,6.26259101,414.33812837,0,0,420.60071939,0.47808522417794014,0.0,421.07880461129713
56,0xf696dcd3e747900781272ece7616922c98d02a52,159.65108921,0,59.59756196,0,219.24865117,1.8395921753135964,600.0,821.0882433458728
57,0xb1960041404c76d440473e86b1c815ce6377878c,243.74886408,0,109.82553732,0,353.5744014,1097.8503360217799,600.0,2051.4247374171273
58,0x19cf11eeffc67e102080c15ef98549a6c756742f,159.65026522,0,59.59724059,0,219.2475058,1.1168385483606855,600.0,820.3643443533545
59,0x9713eb585386e1bb210783cdb56d39274730930c,12.5244849,0,667.72589401,0,680.25037891,0.8800087714251246,87600.0,88281.13038768228
60,0xb6818c3a6fbe21eb3b0a9c50f3b4c9ef40aeccf2,159.64937784,0,59.5968945,0,219.24627233,1.547921741702368,600.0,820.794194076087
61,0xc8d6085a2838cd3464380be14b048f4c57e94ca1,159.64877569,0,59.59665965,0,219.24543534,1.5183257315430378,600.0,820.7637610680144
62,0x1aca3ab9c7dfd48bec650b121282b40ca819567e,159.64820523,0,59.59643716,0,219.24464239,1.0353431922101366,600.0,820.27998558329
63,0xc2c4ce6ea2b4e41ff3ac1bfff8167e3ce3e63593,25.04554758,533.06767144,22.86419825,0,580.97741727,0.138819997596888,3000.0,3581.1162372720487
64,0xf3e8fb826a776315c9a8513f3738aca42313075a,188.10803872,0,3328.54388033,0,3516.65191905,363.93708691475405,24600.0,28480.589005963564
65,0xd154c809dd1b74ae676d2e04877ca2c3f56696d0,731.40556221,0,1467.27039442,0,2198.67595663,349.84056758449793,1800.0,4348.516524213084
66,0xea8a5aa4d82a39cb4467695921cd116d5436a2f4,292.93711885,0,138.14801782,0,431.08513668,1.7796186366599447,600.0,1032.8647553117785
67,0xe55f471f94fbf30fd8c7a747f9a83e95abc28ed5,292.93407533,0,138.14616042,0,431.08023575,1.3264866287633832,600.0,1032.4067223782963
68,0x5c8c26bd5fca2b456abc47c44590f867f8335787,731.40556221,0,1467.27039442,0,2198.67595663,349.692590200309,1800.0,4348.368546828896
69,0xb34dec90b74a54b78c15652ff3c843bc79f075bb,292.93039774,0,138.14391605,0,431.0743138,1.9098987229078015,600.0,1032.9842125206917
70,0x1e16ac64507326073ee70244ae4d8b0c08c6d445,292.9271006,0,138.14190387,0,431.06900446,1.8512762836880265,600.0,1032.920280745421
71,0x3dcc63757f771fd98e5547c617f0f9c1a45c2ce6,731.40556221,0,1467.27039442,0,2198.67595663,349.48250568045563,1800.0,4348.158462309042
72,0xc6cdab291f30a2e9864d05e6c18a41ce19c4f055,39.86957912,0,14.58873737,0,54.45831649,0.34817776643756776,600.0,654.806494258658
73,0x50af68a76eb19d34d02bfb817c6956ce71edce6f,292.92354982,0,138.13973689,0,431.06328672,1.406729376863228,600.0,1032.4700160920797
74,0x6851cbb526219bea1ac3046ebe332b499b7c9c9e,1.5192242,0,79.25459811,0,80.77382231,3.4510218081943353,85800.0,85884.22484411793
75,0x429b237685fbcb406d91e457869b4d1088a5d196,292.92139399,0,138.13842123,0,431.05981523,1.3425740612540864,600.0,1032.4023892875143
76,0xe3ca37bca065111b89d38142444905dbce5dd91c,731.40556221,0,2934.54078884,0,3665.94635105,592.0689937556407,3600.0,7858.015344802614
77,0xac246357f8346033e3df86874d1c7286c96eb8a3,292.91873091,0,138.136796,0,431.05552692,1.6158788148904497,600.0,1032.6714057312633
78,0x8cf1cfb3e648d0d75ee928724b0ed1c4b16cb98d,731.40556221,0,1467.27039442,0,2198.67595663,349.37095416218835,1800.0,4348.046910790776
79,0x2693d661ad168e026741baac9aeaddb8e036307f,164.32926229,3180.91086165,61.46392382,0,3406.70404776,38.69507968269376,600.0,4045.3991274403916
80,0xa37c2d48e7eb73cf8cbc9057cab0b2334bdb8674,292.91315112,0,138.13339091,0,431.04654203,1.7984477414423021,600.0,1032.8449897754224
81,0x9d8270b7c757a339c9d18003babb634bfa9dc024,731.40556221,0,2934.54078884,0,3665.94635105,929.0795215043397,3600.0,8195.025872551312
82,0xf98516a4703bf203b908b7a5c0f0d0b6ff67cf8a,292.91175617,0,138.13253965,0,431.04429582,1.4166705931836614,600.0,1032.4609664147793
83,0x88df3a00d7e0e04552b4785309dea3708e8b0dd0,1.58704529,57.8205509,1.7371492,0,61.14474539,0.6867884602470422,1800.0,1861.8315338542359
84,0xbe145c5ddb09dd336926699b2bf66d52ee0225b8,731.40556221,0,2445.45065736,0,3176.85621957,510.9314954934749,3000.0,6687.787715067652
85,0xaf2e25fa84a0532cc921d3bb30f3b578ec89e289,731.40556221,0,2445.45065736,0,3176.85621957,511.5651162500929,3000.0,6688.4213358242705
86,0x1e01d48f79e568627abb89f75e3e90211bcf907c,1.56587497,0,11.99780844,0,13.56368341,1.013374074264409,12600.0,12614.577057483555
87,0x4e142dd680279b94d980a4137ff82787254e8675,365.70278111,0,1467.27039442,0,1832.97317552,296.439139839705,1800.0,3929.4123153631917
88,0x27b503441fc6b4a362123fe65fd56e877342013a,164.32853318,0,799.02727547,0,963.35580866,0.8442032571168644,7800.0,8764.200011912817
89,0xc5b47688d79af304c93bb701e047200bd0a4efaa,731.40556221,0,1467.27039442,0,2198.67595663,349.0150613697685,1800.0,4347.691017998355
90,0xb9ea38b717fc95e7e858d3223f485db349b0007a,731.40556221,0,1467.27039442,0,2198.67595663,348.05946904992356,1800.0,4346.73542567851
91,0x5e1dfff34c07e05d7d58ec5293acc23617315f87,731.40556221,0,1467.27039442,0,2198.67595663,348.63815123026507,1800.0,4347.314107858852
92,0xcb69515458d5b7c3776c5d42ac6cbfc03f21e280,164.32688477,0,799.0188331,0,963.34571788,0.7333974878319169,7800.0,8764.07911536311
93,0x38073e63e08faf48f0a62fed83729ca5691c2827,29.62177955,892.81136759,10.83015268,0,933.26329982,0.9321999425531112,600.0,1534.1954997619118
94,0xd19cdf0181c065ee64f6aed6985396d65375ed42,99.60160616,7077.48861732,146.54643107,0,7323.63665455,0.838876875508041,2400.0,9724.475531425072
95,0x75dda2e9528f517c26cd2fa9e9b0f03644e31f94,731.40556221,0,1956.36052589,0,2687.7660881,430.3977051263857,2400.0,5518.163793227768
96,0xf05963f4cfe6821ce68cde7dcd95bde9fc0b2e77,164.32634587,0,799.0160731,0,963.34241897,0.3998637023510109,7800.0,8763.742282668647
97,0xb23d13b991a5aa08dbcf76c524a263795e3d7be5,1.51754452,70.15861839,209.29418036,0,280.97034327,5.670065041325462,226800.0,227086.64040831162
98,0xc5bbab922e9ca1d0296ebe5cb0bf47020177734a,731.40556221,0,978.18026295,0,1709.58582516,267.70210861934527,1200.0,3177.2879337751365
99,0x052f9a3c34b28e134817d559d0724d5f26d1c18d,30.05443795,4.10431733,10.9887354,0,45.14749068,0.5808061209614662,600.0,645.728296805939
100,0xd95087fe50d68f6ad186a8f2f86e07a596816483,164.32552166,0,799.01185191,0,963.33737358,0.5658218937493544,7800.0,8763.903195469835
101,0xf81468c4bdb3cc9c3cc3c37787cd8226a7ba734b,1.5184319,0,189.47214311,0,190.990575,0.6434015850512644,205200.0,205391.6339765877
102,0x0bc7db8d9cdfb7e5854dbd285888c7bb29098493,40.68124931,150.23921076,89.32020865,0,280.24066872,6741.983094259092,3600.0,10622.223762977042
103,0x3935bbef5dd7f7b49a0cd22e3749b7b59e37452b,164.32479256,0,799.00811779,0,963.33291035,0.13950191908276127,7800.0,8763.472412265368
104,0x82b11e34080b831b6f3949fdf6e29ef42eabe36a,6.65226687,0,9.71275033,0,16.3650172,0.23209154687021138,2400.0,2416.597108746726
105,0x68e9c710b9a5e6180b3df756fd864eea6815191c,2.38937834,73.51366729,0,0,75.90304563,0.9146774023097259,0.0,76.81772303479018
106,0x0f05f07ce1f147b9bf0ca49b4462f90a929cdb59,0,0,0,0,0,0,0.0,0
107,0xba2a7f44110a219db98c7766dee1ed39958a8ac9,6.65166472,0,4.85593539,0,11.5076001,0.47530299849684815,1200.0,1211.9829031021652
108,0xbc11dfcac7bb734684c5e68e0ac8ed261376f929,171.12939899,0,133.83891757,0,304.96831656,1710.4077456179423,1200.0,3215.3760621813663
109,0x289b427b413520d0cd31f2507143f91c4d6c4ce0,6.26203648,0,0,0,6.26203648,0.10949602856169517,0.0,6.371532513511696
110,0x146b8981eb0c188da9c82ff6cc510837961145d0,731.40556221,0,3423.63092031,0,4155.03648252,674.0212054256559,4200.0,9029.057687945424
111,0x568816dd31ce94dfe0c73e3713bb0898b5e0ee5d,674.18653475,4572.41989904,2218.91027261,0,7465.5167064,0.6418856369172206,3000.0,10466.15859203988
112,0x8f9231784277e16d6681079b7ba7b8a0f6735494,731.40556221,0,978.18026295,0,1709.58582516,268.1487583871898,1200.0,3177.734583542981
113,0x65a7dc05faa550d8fd30bcb8aa83262264ff2e49,6.26181467,0,0,0,6.26181467,0.2598101650033556,0.0,6.521624838853356
114,0x50e9b0845838de3560b7e45e1536854053642ddc,98.25064015,1098.67322647,36.13469446,0,1233.05856107,0.46639616230204306,600.0,1833.5249572308314
115,0x39b2c0e6e3628511d45c24fee9c16dccca689dc9,164.32422196,0,799.00519543,0,963.32941738,0.29908813156895114,7800.0,8763.6285055154
116,0xd2a52b3fe4e65f5b3241c334f627a43b0c03ac87,4.77831299,0,174.39253313,0,179.17084613,0.3510168696261947,60000.0,60179.52186299569
117,0x9d02f9f981eccf11faeb688e813c669431e8476e,36.63058169,0,0,0,36.63058169,0.5302492394686098,0.0,37.16083092701861
118,0xd8c65725e2a573bcb3cf92ef08b732b68cf849b4,731.40556221,0,978.18026295,0,1709.58582516,267.69913299121527,1200.0,3177.2849581470064
119,0xd6bb3d0698c445e82137c49fc827442841d6c662,99.60075052,0,732.72579642,0,832.32654694,7.510259638414162,12000.0,12839.836806578485
120,0x0610155b799d5bcbe8e435063ae8f40682d7c989,29.62038531,67.16777541,1082.96416562,0,1179.75232634,0.12841746935026918,60000.0,61179.88074381347
121,0xb18e0723d9491e8a94eb0e16c6f61636c4e172a8,731.40556221,0,978.18026295,0,1709.58582516,266.72642804987754,1200.0,3176.3122532056686
122,0x17752c97b3c8a32e05a867825aa01b02b440ba94,36.63093027,0,0,0,36.63093027,0.1277969891853038,0.0,36.7587272546353
123,0x0e89e1587f2e35a0274aabb26426db9fd5e2acf9,0,0,0,0,0,0,0.0,0
124,0x9a2bce912887da55ed5bd6e09305be1c406fee11,55.88455506,15.27211184,40.95200826,0,112.10867516,442.6749475943476,1200.0,1754.7836227510193
125,0x1daeb4500d92f3057d0a91bdcb2549a6ce16ee64,36.63113624,0,0,0,36.63113624,51.94614389185967,0.0,88.57728013515967
126,0xb27b84ec10116d3a54e92fd2ef2c56abd33ecf70,4.77796438,0,109.85704468,0,114.63500906,142.28510357146365,37800.0,38056.92011262891
127,0x78cc6a6722a9b829f413b54907b391481fb79379,36.63145313,0,0,0,36.63145313,0.3339086896155059,0.0,36.96536182191551
128,0x0bab0a7a5c40a0362de355dd4313a834b9807882,6.65112595,0,4.8555419,0,11.50666785,0.7738201208538092,1200.0,1212.2804879718926
129,0x3c39c4727bd5b8466b67dd27af02b438a6787c7f,36.63189678,0,0,0,36.63189678,0.709573784930577,0.0,37.341470561830576
130,0x49992a1bd4c77973b490d8de2431ed9244ca2c8b,26.95434264,157.60771408,758.66509077,0,943.22714749,35.831572173281316,46200.0,47179.05871965912
131,0x53c7bb1663367e2c52e4b060eb39b4bebf19104b,29.61981494,0,1082.9432603,0,1112.56307524,0.12357594179532998,60000.0,61112.68665118406
132,0x92ee3db22f6c99017a37279de267b98c67e0b955,12.5232491,0,3626.39853421,0,3638.92178331,305.3931820193281,475800.0,479744.3149653297
133,0x3adc44278e4017748dbb9acf291985e19920fc6b,6.65042872,0,4.85503268,0,11.50546141,0.05697638662612344,1200.0,1211.5624377930853
134,0x392eba860c0160ff1b1851507b5f0b33fa6e709a,36.63229289,0,0,0,36.63229289,0.7354193106499401,0.0,37.367712198799936
135,0xf408e8dad6585e1580971d9a68c23e5f89cc2c80,1.51662545,0,0.55335294,0,2.06997838,0.5761617994059706,600.0,602.6461401817193
136,0x0f7c9d6742ae507eed7521be98b64867b3c273c3,30.84639864,55.88222196,78.93975029,0,165.66837088,575.58311281006,4200.0,4941.251483693903
137,0x42caa096fb074d866c3d2db895fbcf15d9527dd8,4.77764746,0,36.6173295,0,41.39497696,0.29165307968690474,12600.0,12641.686630035587
138,0xbdf2876902426481242b1f8677d0bd3d1dffb0e9,98.24940422,0,469.74505935,0,567.99446357,0.03919058144237859,7800.0,8368.033654151823
139,0x674230085eef04b1a2fed8788b0b203f40e8909b,1.58625299,0,10.99645129,0,12.58270428,0.5528923746405944,11400.0,11413.135596655633
140,0x37887a9ff2a2751abc6abae7b6bd1aad7e4f5d08,20.60785176,102.87456848,127.99176671,0,251.47418695,33.280483353292155,10200.0,10484.754670300641
141,0xb56aa44b786ac93311af531b165d34d78a45c063,25.70008188,0,1430.74263208,0,1456.44271395,20.990569950595646,45600.0,47077.43328390427
142,0x780e1567274794d7d2f9c552e397b4907424d3b5,164.32365135,0,799.00227307,0,963.32592442,0.40068790054748926,7800.0,8763.726612321925
143,0x4e36a93820be0ae20850fa0046f616004482fc22,365.70278111,537.55321762,0,0,903.25599873,205.90620667140163,0.0,1109.162205396778
144,0x3401a1301fd8e06fa450d6cd304a84dbff4aa0af,98.24902393,0,469.74322287,0,567.9922468,0.4519609156257376,7800.0,8368.444207717403
145,0x62bfefbecca222af39ae021232a4c089de7c640a,4.77736223,0,36.61514273,0,41.39250496,0.5813649088121677,12600.0,12641.973869866735
146,0xf0c868cb8a913316c2f8bd2ff931aff98da809f9,164.32323925,0,799.00016248,0,963.32340173,0.8053373429931342,7800.0,8764.128739069267
147,0x548f9585ad12a8f44d424072eafe73f58959f46b,1.51608668,0,0.55315634,0,2.06924302,0.334489161583647,600.0,602.403732181388
148,0x693ac0430879f4fb96ca8e8951927da8609337dd,4.77701362,0,34.86901906,0,39.64603267,0.8017914541045538,12000.0,12040.447824128316
149,0xfc378b93c7adabb97bcd813929730e17078aea1d,731.40556221,0,1467.27039442,0,2198.67595663,497.3842143360666,1800.0,4496.0601709646535
150,0xafc0041dfb2b93b291bfb049db39d162c38d69f7,1.51513592,0,0.5528094,0,2.06794532,0.28011546969272677,600.0,602.3480607909518
151,0x709e1be48db18e6a62a52b59652b2fe90c8e696c,15.4205059,0,0,0,15.4205059,3.720244402119937,0.0,19.140750300519937
152,0xbd139e9bac6c163018e0fff20cfe25849e584057,39.87506103,0,14.59074955,0,54.46581058,0.7748310348819306,600.0,655.2406416122612
153,0x6ef2a95e84e3ef7ce782ff6d93d7cda92796f1de,171.12892349,0,133.83807537,0,304.96699886,1708.991075115944,1200.0,3213.958073972006
154,0x5387cd8a2ce05f157bd9b50c0f041ddcbed11277,10.88035766,94.56351791,452.87615928,0,558.32003484,168.29693919825218,68400.0,69126.61697404324
155,0xf2119018593d78499c3e142db974309ae5dc18a7,164.32266865,0,798.99724012,0,963.31990876,0.583922246223595,7800.0,8763.903831010044
156,0xc654f86e6e684afbfc70bccfb47d018d07da40b6,7.80297533,63.1452304,2.8476381,0,73.79584382,0.843574687717387,1200.0,1274.6394185074023
157,0x55e3dd359e0c6ff2566e20d90f96b14ad7044872,731.40556221,0,2445.45065736,0,3176.85621957,767.6080767590388,3000.0,6944.464296333217
158,0x681842a061dbc2b2c8267daa831f95f15f5f8ac6,4.77647485,0,34.86508519,0,39.64156004,0.6366534510543573,12000.0,12040.27821348927
159,0x1cbbe815189e827cbb0245e6612b3a07c8f8d13c,171.12540477,0,133.83184306,0,304.95724782,1702.0195310762335,1200.0,3206.9767788978156
160,0xa8979f8f084a3abfbdac1b1be195623ade31d148,39.87458572,0,14.59057508,0,54.4651608,0.6686598210907588,600.0,655.1338206223003
161,0x234fcef2f6873ee9b050ae42dd70ba733cfe3561,1.51456546,0,0.55260124,0,2.0671667,0.605127101330187,600.0,602.6722938034621
162,0x39f15c9faba3c29310c86a41e9d7be731d6b9fa7,29.61870589,0,1082.90261106,0,1112.52131695,0.661652323384156,60000.0,61113.1829692739
163,0x082c059c81c2a0cad9191ff65604e2b4df50071e,9.42572046,0,68.82282221,0,78.24854267,0.41196644363882456,12000.0,12078.660509113643
164,0x135c3057b3d87a6be6537307fe5eac828abf3702,408.05192137,0,643.27532221,0,1051.32724359,691.9430090305638,1800.0,3543.2702526197545
165,0x9635dfa23b1169a62524903bfe70b62a0a9ae752,164.32219314,0,798.99480482,0,963.31699796,0.033969246416826394,7800.0,8763.350967208193
166,0xaca1425fd8a50df7652e909198d873b85f0358b5,39.87417378,0,14.59042388,0,54.46459766,0.5783375848708725,600.0,655.0429352467331
167,0x8865d730edd68ba177121bad25f50e04c9368f03,46.30479444,193.3186532,16.95216843,0,256.57561608,0.21011997922122783,600.0,856.7857360597486
168,0xd759ee4df028e446d5fc6fa7c1c4e3ab50b6b331,98.24873872,0,469.74184551,0,567.99058423,0.8544816420708298,7800.0,8368.845065867394
169,0x2b42b9b68c91c61be467ba7ca3dd2b1aeacd6439,1.51389992,0,0.55235839,0,2.06625831,0.21661894148132024,600.0,602.2828772546316
170,0x277508fe137446a99884b42be6eb4576c616b3c2,9.42540359,0,37.85127872,0,47.27668231,0.4742399505612677,6600.0,6647.750922263879
171,0xc583fe438561235a2ea72b6d5447915d5c3a487b,408.05318957,0,643.2780863,0,1051.33127588,694.7686862475514,1800.0,3546.0999621240667
172,0x839e7ae467d21aa72607a0eb6f59bd2e2df96634,6.63350514,0,33.89870794,0,40.53221308,0.5081605743793396,8400.0,8441.040373659263
173,0x08956cbea91e5227e32d651635b872ebfbbfeb26,48.64601808,17.33355591,17.81279157,0,83.79236556,3103.2002401004615,600.0,3786.9926056589634
174,0xa4a4cf05ff5247f8875de8b3b97a1621b72c038e,731.40556221,339.37989018,489.09013147,0,1559.87558386,1285.5718988369615,600.0,3445.447482699201
175,0xdfc9dfec7138eb4b158157fe42fc29b279095fb2,1.51339285,0,0.55217336,0,2.06556621,0.2667837143091384,600.0,602.3323499215686
176,0x3afe0f2682162e960ed969b98dfdc0bd552812b0,12.28464373,17.82579699,98.68675025,0,128.79719097,391.55491602792364,13200.0,13720.352106997358
177,0x47066aaaacacb97824964a31cff8a8f0b531efae,46.3034002,0,152.56490409,0,198.86830429,320.4816369987361,5400.0,5919.349941287939
178,0x97d79f866b151850c2bc83d784c21eb5e66cfc2d,98.23688647,0,469.68460847,0,567.92149494,0.35089921374441435,7800.0,8368.272394150916
179,0x16fbe9c79718f48ac9b81c8cbaf1563a75f56cb0,9.42508672,0,17.20454783,0,26.62963455,0.43611444162803076,3000.0,3027.0657489917794
180,0xe823fe9987f21c309f46f2b2c425a5b89a18b41f,3.90098059,0,25.62541076,0,29.52639135,0.8180640158383553,10800.0,10830.344455364924
181,0xf2db4ed9a192024e1d5196bd9850ad48157d51fa,408.05483823,0,428.85445322,0,836.90929145,880.589174986597,1200.0,2917.498466437012
182,0xf6c2df63a7728b135cd02b57bc547dacffe711e8,46.29921748,0,186.45130615,0,232.75052363,0.9983382663495097,6600.0,6833.748861898628
183,0x79d5b6512ec35dfcfc372608836132590da93afe,98.23365404,0,469.66899837,0,567.9026524,0.7040966235046212,7800.0,8368.606749027544
184,0xd726b2325101a679ada4b650f341cef6c02eb5fb,99.60027516,0,732.7222637,0,832.32253886,0.9940106231560324,12000.0,12833.316549481773
185,0x6d5d571f75ba24dd4ed8571a7d8161690bc96e49,101.02200606,0,185.82245517,0,286.84446123,2046.0204127601733,3000.0,5332.8648739880255
186,0x57cb1be304396be76268b348dfa14f28a76e2404,91.97510665,176.7651764,236.62988937,0,505.37017242,375.97847593724316,4200.0,5081.348648359554
187,0x209fa8105d7037f885ca5ffadb967854e36cfbf4,2.73471131,3.136448,6.98527202,0,12.85643132,731.1452418363565,4200.0,4944.0016731610895
188,0x6609a58e5638b4f6633b8337de7d75e3c495f0a3,25.42169131,0,9.29153169,0,34.713223,0.5546643227802526,600.0,635.2678873232086
189,0x58760aefaac563b19e56bb3a269d0f86b66ae218,3.89983967,0,25.6179135,0,29.51775318,0.6329093002133167,10800.0,10830.15066247765
190,0x7777acc544a94c887f0dcdfb7b952343f776ed43,46.29820349,0,101.69847642,0,147.99667991,334.0322440728411,3600.0,4082.0289239789886
191,0xfdf53194f614def925b90554ce11c887d4385304,98.23241811,0,469.6630298,0,567.89544791,0.3952713293415512,7800.0,8368.290719235418
192,0xf35920550ec82eb021e3aac9fa9c6a404c6c646b,164.31975223,0,798.98230362,0,963.30205584,0.3971099483804992,7800.0,8763.699165792996
193,0xee2a25c23ac11f44c5cb2b02fa921ce8c353e194,46.29595369,0,67.79567682,0,114.09163051,514.9760354275065,2400.0,3029.0676659390433
194,0x100f87b8edbca0bd1b5460a5e38ade7a9eccc813,1.59316187,0,72.61669343,0,74.20985529,23.858262168297234,75000.0,75098.06811746152
195,0xc66fe9ed575bdf373dee4a51f1f597b375a237c9,40.46780366,8.48928365,44.42503283,0,93.38212014,421.45995589960006,1800.0,2314.842076037607
196,0xa0c759b1e15c84160791bbb9693926c1e6af9eba,39.87366679,0,14.59023778,0,54.46390457,0.5427504064902254,600.0,655.0066549737713
197,0xf3f503dac8463d9a90fcd4293df9bb950dd32413,3.89952275,0,25.61583093,0,29.51535369,0.19133984350045363,10800.0,10829.706693528811
198,0x5a307f8f14f8548c0ad185788af0d3b145d0bfed,408.05851601,0,643.28969726,0,1051.34821326,690.9023477027134,1800.0,3542.2505609676127
199,0x20fab8f08f6df849439cba46a146ed88c692a2ea,1.51288578,0,0.55198832,0,2.0648741,0.00011543569446,600.0,602.0649895370631
200,0x7661ef46285da9fb6c50b18c6194a695ef7d46f3,98.23153077,0,469.65874467,0,567.89027545,0.16719481385394855,7800.0,8368.057470259855
201,0x5b950659684848c11f2e640b451b9c889cc8650a,39.87334991,0,14.59012147,0,54.46347138,0.9060389026867837,600.0,655.3695102858546
202,0x29d11dda3c0fa578664806cce345ac2e285f5970,46.29364051,0,67.7922762,0,114.08591671,372.2959548526891,2400.0,2886.381871567282
203,0x5ddaf805019cfa995772163185d57b809beb348a,30.05472313,0,10.98883994,0,41.04356307,0.9546707184994795,600.0,641.9982337907768
204,0x936d96d0641fca04799770daa3b020b554169c5c,39.87290629,0,14.58995864,0,54.46286493,0.05641996428157819,600.0,654.519284889691
205,0xa4c397aa162de37481c044c6f3d1eca6411c2f14,55.91757489,36.70723825,40.97632818,0,133.60114133,7.708287045864782,1200.0,1341.3094283724454
206,0xce8b5dcd52db581d7a9e461fba05de97262d733e,501.01647497,0,290.29677685,0,791.31325182,1508.4764818584854,600.0,2899.7897336774804
207,0x21adad98ab1d24f5457b177303db613a396dd072,164.31629691,0,798.96460803,0,963.28090494,0.9840909127938504,7800.0,8764.264995852345
208,0x05001adf9580e46bf0372158cd04d8ef817c9a9b,39.87198736,0,14.58962133,0,54.46160869,0.7314304312732419,600.0,655.1930391227543
209,0xf953d80aa1abf02a6b9aa097a5d3312de699e587,36.632689,0,0,0,36.632689,0.9671973133081113,0.0,37.599886312708115
210,0x4584f37c5df5a98971834e3d1cd93550edfac1ed,98.22059755,0,469.6059458,0,567.82654335,0.3807399285994006,7800.0,8368.207283277241
211,0x65f26d22cab26b7ac057571b4a401fc27cf87934,45.91158674,354.4337686,33.61533027,0,433.96068561,0.16385659397543306,1200.0,1634.12454220337
212,0x3310a3c78caeb10f6df6bb3a5463ae2ddebb8bb0,3.89869876,0,25.61041625,0,29.50911501,0.691126271557115,10800.0,10830.200241277344
213,0x0618b48683018122bd476385806108a0b4559514,21.95219357,377.87188216,470.33915209,0,870.16322781,7472.16442880684,52800.0,61142.32765661807
214,0x4c385073a193bb84ed8b295e8bb1e33dfb6e527d,55.91671929,0,40.97569801,0,96.89241731,5.1491692770346615,1200.0,1302.0415865846107
215,0x66d2aa9d2c1ad7347d2f0a2f1f664e62f1e423c2,98.22012219,0,469.60365019,0,567.82377239,0.7594202318722652,7800.0,8368.583192619759
216,0x872b646630fde1ca6c5ffef441ade067fa2acb5b,3.89546616,0,25.58917402,0,29.48464019,62.520479119483376,10800.0,10892.005119305599
217,0xad41076bc420f854a149b9bc9338cb2163e747af,33.87139504,0,12.38811144,0,46.25950649,0.8269190911863089,600.0,647.0864255773711
218,0x76f6a20f97c802605845c7dca53caa00fe4b916c,55.91557849,0,40.97485779,0,96.89043628,19.22331545465108,1200.0,1316.1137517340533
219,0x284e098f005fcf428df7728c7f7c3f79c5acaa99,39.86916719,0,14.58858616,0,54.45775335,0.37947955620379137,600.0,654.837232909077
220,0x939793bcf71b5ac95de698a2e64d39aea77d6d67,1.59385909,0,58.15363428,0,59.74749337,0.56609157232723,60000.0,60060.31358494611
221,0x6af294cd67e8b724fb7ff3f1c2e074d542060e32,98.21815738,0,468.31410473,0,566.53226211,0.1478437731105712,7800.0,8366.680105882087
222,0x20a4fe325d6005f63fcd38cd4c2612dd531b093f,33.87171192,0,12.38822765,0,46.25993957,0.99097639541452,600.0,647.250915961908
223,0x02bc205a3fd60b5d7d8814bb095d05e3f187509c,20.60934106,0,128.0063667,0,148.61570777,0.3646317402490076,10200.0,10348.980339507882
224,0xf5de8bb5b541f382b76ddd24915bc3d7cc60aafd,55.91431094,0,20.4869621,0,76.40127304,7.031535143984258,600.0,683.4328081810776
225,0x61be84800b65a4364371e0f2f74b770c192131c3,1.59442955,0,79.11725526,0,80.71168481,0.8221406854547362,81600.0,81681.53382549276
226,0x73e411346899339b4ff7222ed79234091c73e5be,39.86881863,0,14.58845822,0,54.45727685,0.8965093416025848,600.0,655.3537861919513
227,0xcc5e8634bfa5d558713ea836d2134f4916fa4529,33.87206048,0,12.38835548,0,46.26041595,0.8352656920536251,600.0,647.0956816468868
228,0x7743b9141353158d89c4cba68182e33659e93d06,3.89806492,0,25.60625111,0,29.50431602,0.9052562068552606,10800.0,10830.409572228393
229,0xc1093578ab31340c07bf221764fdc0d1df357a27,98.21669962,0,396.91585191,0,495.13255153,0.796602168246385,6600.0,7095.9291537024155
230,0xfed71eb84cdfa01fc8e6e7c14cae023a101030b6,39.86850176,0,14.58834191,0,54.45684367,0.3405705984046904,600.0,654.7974142646401
231,0x8cd4f42ed20f997df1cc188a5d6b602892c82c2f,39.86831163,0,14.58827212,0,54.45658376,0.3417188348490958,600.0,654.7983025906166
232,0xe3b058ce3bf7dd6cc44fac77f1a7dc4a142eb79a,1.59496832,0,66.3412899,0,67.93625822,0.8366306368072723,68400.0,68468.7728888522
233,0x0249450a20ee3ed6a1a040edac1ececfafc3e6ae,3.89746277,0,25.60229422,0,29.49975699,0.8895820318572764,10800.0,10830.389339018358
234,0x0bfe6209aa1cdb03b0174dbb4d77def8ffb81245,39.86805813,0,14.58817907,0,54.45623721,0.9759417229825906,600.0,655.4321789314595
235,0x0741d7bb4aaf854f046b9e9e1a499ca4c74a4316,97.08110224,0,357.00284799,0,454.08395024,17.994775800523154,6000.0,6472.078726038003
236,0x6712e6dbb92eb2bdb3c0b04904a51844abf2cf0e,33.87237735,0,12.38847168,0,46.26084904,0.781825606705541,600.0,647.0426746418474
237,0x57dfc25ff96fafa52391ffebbf34d8c27e12f1ad,54.40873961,373.92091403,99.66294542,0,527.99259905,1032.0129809092869,3000.0,4560.005579962282
238,0x25f08f1ad2f07637265b8b015951acc8f2b68121,39.86783632,0,14.58809766,0,54.45593398,0.342511531769245,600.0,654.7984455113668
239,0xd1130abefbba9643490dba2ff9f7e35ad3d00192,55.91092022,0,40.95881178,0,96.869732,0.26914964292436927,1200.0,1297.1388816446076
240,0x28a667a04a46939357d274272a4625e4227cd781,1.59550708,0,18.0462704,0,19.64177749,0.3208943742439008,18600.0,18619.962671861056
241,0x7323906cb27b39eeddf8d348a970b3fa966c8575,104.09767107,298.48938611,38.12833206,0,440.71538924,98.06828114938232,1200.0,1738.7836703926112
242,0x3e870ad2babe457a62cd570b40ca158f98ce8cf5,20.60867563,0,128.00222675,0,148.61090238,0.4703361858933542,10200.0,10349.0812385625
243,0xc75fb4200b6464f1b001eca630cee0364179bb80,91.98461332,0,101.43029613,0,193.41490945,0.6138922340781191,1800.0,1994.0288016817935
244,0xf2dfb688da3594aad9325fb358abc7d6e3662e87,39.86751945,0,14.58798135,0,54.4555008,0.335790034649266,600.0,654.7912908301337
245,0xfa08febfa47ae86f05b2ce56bcdf30cc114cd738,29.6179137,0,335.68184257,0,365.29975628,28.54231043044107,18600.0,18993.842066708476
246,0x8817924fc06950a5eedad8d6a3c3c83ab8b886b5,95.21127218,54.32791189,70.01322208,0,219.55240615,0.08461190731053342,1200.0,1419.637018055749
247,0xfdd834260584db1664a51a0130888d127a49957d,45.90911513,0,672.26871369,0,718.17782882,132.44686700751714,24000.0,24850.62469582757
248,0xbe07ca8103657256d97380c051e8d1a63e08e916,295.19325605,132.89694503,139.52563873,0,567.61583982,0.6125858367804374,600.0,1168.228425654349
249,0x268792de9517c7b85f8e77a3299a44a0ecc9fa6c,97.08027829,0,356.99978813,0,454.08006642,0.04468517354024738,6000.0,6454.124751592304
250,0xd3a4f546cd498d9cf8f2cddc0c080e65219bd1bb,3.89686062,0,25.58299573,0,29.47985635,0.8528651127965149,10800.0,10830.332721463767
251,0x77cbe1291863d00f071a537f2583bc3fea949676,10.87988235,0,436.96972364,0,447.84960598,0.6062231971133516,66000.0,66448.45582918059
252,0x871bbd01fa679622bd5a5b2e617b1c62fd2f0fe6,39.86707583,0,14.58781851,0,54.45489434,0.33835107654520896,600.0,654.793245414271
253,0x5294a1c6cf460e57016bf3609f01b7ded72f3283,164.3158531,0,798.96233524,0,963.27818835,0.22764025107444857,7800.0,8763.50582859776
254,0x33dff29838d12c2df1b391ff44062d302635df04,1.596236,0,16.3073054,0,17.9035414,0.20909732500931597,16800.0,16818.112638723658
255,0xf7109595221b3f789eb1d5a09254a5ef5646ec67,39.86691739,0,14.58776035,0,54.45467775,0.7676203419132646,600.0,655.2222980875825
256,0x6d5d457dbb0efab76bfa21ba3c0bc1d8095e190b,99.59941952,0,732.7159048,0,832.31532431,0.6849703068727647,12000.0,12833.000294618872
257,0xadc8106853302832262659770eed95d38ecb3998,10.87959716,0,234.36852149,0,245.24811865,0.4379245268181696,35400.0,35645.68604317605
258,0x98bd2bec0bc6d573fb0f2525288214574c8c4aef,91.98271198,0,101.42818083,0,193.41089282,0.662711334620747,1800.0,1994.0736041524365
259,0xae4f6a9bc2aa058a392adece9efc2a9d00021043,1.59712338,0,18.06455565,0,19.66167903,0.6627306685729787,18600.0,18620.324409695735
260,0x1d2fd5cf507c6183b7ff1d05157eafeab1129a90,97.07016902,0,356.962246,0,454.03241502,0.20843900442062518,6000.0,6454.240854029174
261,0x00ce21c640c3f81dff08c4a6cf02c1b514afad2c,12.28239393,71.46353849,165.94372605,0,249.68965847,334.75602166828645,22200.0,22784.445680137822
262,0x63bea5c2b850ed0c207010b593f815ecaf5b8560,408.06181333,0,643.29688636,0,1051.35869968,694.7610833785847,1800.0,3546.1197830624424
263,0x94eeffa8cc2a2d011936668688f618ac2cccfe99,149.47732296,0,55.63450177,0,205.11182473,0.8109638760496166,600.0,805.9227886032551
264,0x8957ba4db43e24148f301205e744427e98d7c207,3.89648031,0,24.17384724,0,28.07032755,59.20535671894153,10200.0,10287.27568426596
265,0xb0a633cc3535eb329f27ee9fbfef29f2615108cc,33.87269422,0,12.38858789,0,46.26128212,0.807234586644256,600.0,647.0685167020948
266,0x2797b3b28b82dd2999a4e4e9248659221a99123a,29.61496679,0,119.10421216,0,148.71917894,0.6415146719889697,6600.0,6749.360693614602
267,0x65474c67f4b990cc868391bda139bd7f5414f347,6.63283961,0,33.89530544,0,40.52814505,0.8712756993295456,8400.0,8441.399420745487
268,0xbeba84c28422fd080773c75d70a8b13d06556b9f,1.59769384,0,18.65394505,0,20.25163888,1.15724583800133,19200.0,19221.408884720906
269,0x57eea1f40350cc726b6359bcf613c544a04f01f9,97.07188031,0,356.96860104,0,454.04048134,19.342979548413357,6000.0,6473.383460891809
270,0xd218f19c11afc401eb87403886003f37520b1e7f,20.60997481,0,128.01030952,0,148.62028433,0.32356147637377936,10200.0,10348.94384580689
271,0xf5d4072ef746a9b1532b7ee2f0353d48ef778475,25.54200799,0,9.33558654,0,34.87759453,0.1807809890372996,600.0,635.058375517231
272,0x42a858761eabb5dff96eb3316bd8a83c6073d2b8,3.89600493,0,24.17089693,0,28.06690186,59.85768424031622,10200.0,10287.924586096742
273,0x3569fa2f55d98ed8d24c9ce755666a9030848fd8,1.5982326,0,15.16144235,0,16.75967496,0.057253583345157594,15600.0,15616.816928539387
274,0x0d015f7a98ea04ae247a7dbc14d809c21c0bacf0,21.95076764,0,1052.84987315,0,1074.80064079,9148.736150080304,118200.0,128423.53679086606
275,0x806948ed0d4830cdf6ab32313d1bd7ea575e1316,45.91111143,0,336.14980932,0,382.06092075,5.52708748302577,12000.0,12387.588008232395
276,0x627a41ac7a1de038a7c45d1c55874c38f0f61eae,33.87297941,0,12.38869248,0,46.26167189,0.07641735792584256,600.0,646.3380892456543
277,0x63aa360641faab9aaa6ae83d3771339598d5e89c,99.59865894,0,732.71025244,0,832.30891138,0.4053433477286748,12000.0,12832.7142547294
278,0x825b38bbf062e0e65b7034ce2e5e02be6032cccd,97.0749226,0,356.979899,0,454.0548216,0.4772545042006492,6000.0,6454.5320761013145
279,0x636adc515f843ef67433bec8597d1b3b9d4bb397,149.47665743,0,55.63424276,0,205.11090018,0.608167761382571,600.0,805.7190679432396
280,0x52554ece32d3da67778770b6dd585f84c505af85,54.40813752,0,1036.48310678,0,1090.8912443,2269.8338302958136,31200.0,34560.72507459994
281,0xe0fa20144a583ad55a7852462c942273b6cf55e9,25.54178618,0,9.33550531,0,34.87729149,0.17774263547585095,600.0,635.05503412784
282,0x5e001b3b46c32e1d1c1679cbce3af2ad02644a6c,47.27122541,710.38700776,34.61474767,0,792.27298084,0.45892031706179637,1200.0,1992.7319011619697
283,0x7c1a289ba6613d675829b2a9747ac252746f967b,3.89473725,0,24.16302944,0,28.05776668,49.263042090092846,10200.0,10277.320808771603
284,0x68669201a65f809c9638cf68d5d0082ceb302c46,1.59889814,0,11.66750552,0,13.26640366,0.9749613295069048,12000.0,12014.241364990363
285,0x23848ae78321c406b076c749501b9cf968587596,20.61070362,0,128.01484376,0,148.62554738,0.969813589418407,10200.0,10349.59536096725
286,0x13cac6478fcd44d2b7c1aa55e97a3c0dfd2d24b4,6.63100147,0,33.88590804,0,40.51690951,0.8621401945670645,8400.0,8441.379049705194
287,0x2166dce137eea0863dd7393017eed89639868718,1.47209805,0,8.59368738,0,10.06578542,139.72391965389875,9600.0,9749.789705077063
288,0xa0c7acb535d75f13b54e3a7902c3005c79fe76fa,149.47608697,0,55.63402075,0,205.11010771,0.4742784380075608,600.0,805.584386152423
289,0xb6128735253da6fab2cdeeaf59436e80162a7a16,25.54146931,0,9.33538928,0,34.87685858,0.14624321106138638,600.0,635.0231017950978
290,0x57209af02a2c1165821d3da2fe9c42197a983713,3.89429356,0,24.16027581,0,28.05456937,0.3254591010085142,10200.0,10228.380028471298
291,0x1a206c99f2834c21f800eb6931d46000bfb00d97,97.07593669,0,356.98366499,0,454.05960168,0.48386293566268096,6000.0,6454.543464617349
292,0x44261ee49c6f6b17ee3af6cab4c02927ac076d6e,149.47551651,0,55.63379874,0,205.10931525,0.26054813265573357,600.0,805.3698633796296
293,0xf8370b61d0b86196156fd4201bbc00341111baed,143.71478011,0,587.3198636,0,731.0346437,288.8443297813416,6600.0,7619.878973486332
294,0x9b46ff45768c1fcefaad334e76b93d9f38bd24ca,99.59805682,0,732.70577765,0,832.30383448,0.6238687912446531,12000.0,12832.927703269741
295,0xb2ac90c4aca7b21bece703a3c5906c70dfad1688,25.54131087,0,9.33533126,0,34.87664213,0.42301217902150995,600.0,635.299654308894
296,0x717359aac73f82fbb7b74d97e3c755e15642ee61,6.63163531,0,33.88914852,0,40.52078383,0.9844752974439626,8400.0,8441.505259130668
297,0xd00120f4087046d9ac3e7a5c6e87ca4e40eb9587,54.40740868,0,99.66049565,0,154.06790433,301.2960587882713,3000.0,3455.363963117881
298,0xc9a9ed4171dbab1685f940cfb84cf7ed1a3e5b84,3.89362802,0,24.15614538,0,28.0497734,0.2337946100192982,10200.0,10228.283568013478
299,0x5a77b84d65d02f590ce2b99a74700bfcac378c71,39.86631533,0,14.58753936,0,54.4538547,0.7610166979827856,600.0,655.2148713938369
300,0x3da45fb435e4499c0498743946d836a915285681,25.54102569,0,9.33522683,0,34.87625251,0.173206152318516,600.0,635.049458664696
301,0x0485013b0de7c1db00dd3e3d9c3bc0c751b0bf2c,569.70245066,458.47725072,1762.95781931,0,2791.13752069,357.41605808967125,3000.0,6148.55357878102
302,0x9e4fbb627dc47028569b5ff36de878e59030654a,99.59739132,0,732.70083184,0,832.29822316,0.8823974317342613,12000.0,12833.180620596193
303,0x0656fe65f130c8554e84702e3d63278187f19ced,408.06320835,0,643.2999281,0,1051.36313645,689.7098053788657,1800.0,3541.072941827918
304,0x9e6e0a3ea475bcbf0e298700e6a53e532327eda0,47.26846861,0,432.65507683,0,479.92354544,25.215044687416547,15000.0,15505.138590127548
305,0x73888260e04e6ed786b8e0d15fd86abfa78d69f9,3.89274064,0,24.15063814,0,28.04337878,0.8320402015280735,10200.0,10228.875418982545
306,0xafea7411359c712650c2076c9b5dec0c59dc5616,25.54080388,0,9.3351456,0,34.87594948,0.3787763849222549,600.0,635.2547258614702
307,0xedf5594f3b70b839afb19bd38e036d94b980f851,97.07663388,0,356.98625411,0,454.06288799,0.7663861129060799,6000.0,6454.829274102736
308,0xcb169a091f7077e4dbd3d1545fa08406a7e8536f,36.69632031,0,0,0,36.69632031,0.05150226834574899,0.0,36.74782257894575
309,0x190e4f02541fd2e147e485591bf43d3c7634b780,39.86593508,0,14.58739979,0,54.45333487,0.7593884285235698,600.0,655.2127233034417
310,0x0c497f2bb2e68a4ff7157c8b4c3a987596dd7ff2,99.59663075,0,732.69517948,0,832.29181023,0.602252043033217,12000.0,12832.894062277166
311,0xe71549f866855df1f1001edb45fe548007f2c6d3,6.63036763,0,33.88266756,0,40.51303519,0.78094660657102,8400.0,8441.293981794603
312,0x72b743db78e7bd5d76809f6762e6b4e10a9e5660,3.89191665,0,24.14552427,0,28.03744092,0.05299217700275018,10200.0,10228.090433094325
313,0x5b66dcdb852ff7cb170e9be76d493d6c092a1952,97.07767967,0,356.99013778,0,454.06781745,0.18613327170642657,6000.0,6454.2539507237525
314,0xe8f83368385ad7af58f5d490ad764da47a52fc63,39.8648894,0,14.58701596,0,54.45190537,0.7530331872899895,600.0,655.2049385546345
315,0x81c2c0c176470d5da3cee3241875bfcfc2985dc8,45.91073118,0,352.95436533,0,398.86509651,1.1546504443184264,12600.0,13000.019746955038
316,0xdc4596717b33aa559a014522af18f9d8a1a991f6,1.59969044,0,12.84061717,0,14.44030761,0.1674310409807312,13200.0,13214.607738647026
317,0xf788538c6a5a5df852ef9493c15c3edb2cf418f4,3.89068066,0,24.13785347,0,28.02853412,0.6225677443677912,10200.0,10228.651101866148
318,0x434bb469e4036404bec01de02cf3fd28db3a8c5f,365.70278111,0,489.09013147,0,854.79291258,267.39835928661995,600.0,1722.1912718645156
319,0xba54910487b57c17de3611b27d65736996a0d889,634.7524889,0,820.08437787,0,1454.83686676,28.07613673516207,1200.0,2682.9130035000844
320,0x5b07ce012e9924cfc78b4ac26c0d10434de57de0,99.59602863,0,732.6907047,0,832.28673333,0.16401062962228738,12000.0,12832.450743960579
321,0x43e5b888dbb9a664f6efaa235861e9b1312e266d,6.63451929,0,4.84341324,0,11.47793253,0.551535044347889,1200.0,1212.0294675790392
322,0xae5a8ff5d3c46f87c104d38049ea6b558565c727,25.54055038,0,9.33505277,0,34.87560315,0.40697742825325195,600.0,635.282580578139
323,0x417d15943cd547309aeb29859bbb7fc1c4bed7ca,640.15813989,0,414.66769339,0,1054.82583327,0,600.0,1654.8258332746602
324,0x65abae3c592b3a2e712f98522010b70e459a7fb9,3.89014189,0,24.13450978,0,28.02465167,0.6879386618838578,10200.0,10228.712590334324
325,0x527b1a4099dbd4ebc2dcac34db6fba7a00dd5487,25.54032857,0,9.33497155,0,34.87530011,0.42284070110695676,600.0,635.2981408151633
326,0x4d475a349889e15a136559597e60e1b924d4b636,6.6288464,0,33.87489041,0,40.50373681,0.7685944992177914,8400.0,8441.272331313017
327,0x11a8413cf5ad50d5b3634e1aa2edda5ca4b6c802,6.63540667,0,4.84406134,0,11.47946801,0.8976907790987377,1200.0,1212.3771587887095
328,0xd82c029f19ebe8250877585500414185d7588cde,25.54004338,0,9.33486712,0,34.8749105,0.21047715304004058,600.0,635.0853876496012
329,0xc6ba23819f7bbce781fc0f821e32f0c22b0e8a26,99.5954582,0,732.68646543,0,832.28192363,0.307658742082579,12000.0,12832.589582375294
330,0x698e4ef022a735a445d2e4df902bac7c25e28475,0.74910617,5.69467422,0.81990923,0,7.26368962,0.7599072246519963,1800.0,1808.0235968408451
331,0x8b3eac0391d35b4f678e3303286ca4ac693a8fab,6.63613559,0,4.84459371,0,11.48072929,0.4307243912862792,1200.0,1211.9114536838663
332,0x9a2c522452cdf648a5fa45220a13c2819df1c7bd,25.53985326,0,9.3347975,0,34.87465075,0.15545584894094897,600.0,635.0301066005055
333,0x2eeb9e95ca7f3aa2ba26eff86eaf40ff01bdb394,33.87364484,0,12.38893651,0,46.26258136,0.7813096859895652,600.0,647.0438910423662
334,0x68aa4eeb6a784d345ea86a3fd772e9c6075eb810,6.62948025,0,33.87813089,0,40.50761114,0.12516576263876356,8400.0,8440.632776899034
335,0x44a339872f50ca74bb626e3cc88f8873a54711d6,25.53956807,0,9.33469306,0,34.87426113,0.19453052795418205,600.0,635.0687916620237
336,0x5b8ad046480064855616c1769a8a61663fe2e7e0,408.064857,0,643.30352305,0,1051.36838006,664.8616834340894,1800.0,3516.230063490226
337,0xfcead11687d096cf9089028f586e9e980a0bd365,6.63673774,0,4.84503348,0,11.48177122,0.4386730516829657,1200.0,1211.9204442736725
338,0xd34abcccd66172b48ee14a57c31dc3a98c08bf99,365.70278111,0,0,0,365.70278111,428.4391345727199,0.0,794.14191567782
339,0xe0b4321d71309f093094807864263e99b263ec0c,284.25306404,0,132.89862461,0,417.15168865,1.2910002408564927,600.0,1018.4426888862208
340,0xaaf2321d80dbc64b10bf318e0de91693d268ac3d,25.53937795,0,9.33462344,0,34.87400139,0.4216188590070608,600.0,635.2956202480799
341,0xa1511517f685bec77201a9b2b37956497c4cb29d,408.06967616,0,428.87602111,0,836.94569727,895.9427738962719,1200.0,2932.8884711712076
342,0x6a75b2306f33e1c4799aa2f3badacaf4c9cb2d41,6.63753004,0,4.84561214,0,11.48314218,0.9568953313098801,1200.0,1212.440037513049
343,0xb959ad4a5eff11a8e532c5bfa0f6f6b2810a1eee,47.73088138,74.30677622,367.00205436,0,489.03971196,16.17166857154296,12600.0,13105.211380536077
344,0xad86ba336e2b25e1a21f4838d5a8de09e649a690,6.62849779,0,33.87310815,0,40.50160594,0.14122501857019737,8400.0,8440.642830954941
345,0xcad17cecb7452a50a3645e5493dda3513309776a,25.53915614,0,9.33454222,0,34.87369835,0.3749187858133678,600.0,635.2486171390567
346,0x3ade57d502a33909bdac46f82f6fb7b50af288a8,408.071198,0,428.87823364,0,836.94943164,890.5843190939132,1200.0,2927.53375073638
347,0x8c171c8eed08ef06ebcb7e3af4b082a36e51ffcb,30.05190296,0,10.98780619,0,41.03970915,0.9536194015157136,600.0,641.9933285532927
348,0xae0c6263a61f0059906160000386dd0bb4f93b95,25.53887095,0,9.33443779,0,34.87330874,0.4168642178090608,600.0,635.2901729535574
349,0x5029e32b4a98386056d9a7fa9841d7039c2a4a98,6.62811749,0,33.87116386,0,40.49928134,0.8591613675409872,8400.0,8441.358442710354
350,0x007b65a4f5dee5a201c3457347d6be0969d11823,25.53861745,0,9.33434496,0,34.87296241,0.3825419302024782,600.0,635.2555043392886
351,0x478319e9e5d2535a47028dbdc357f48b5f375a7f,58.30891435,0,427.37615312,0,485.68506747,64.59975310454817,12000.0,12550.284820578727
352,0xcb5b73a8894fd874c4ec3d24f4e845d560fa8e1a,5.00947517,84.87042799,10.96996984,0,100.849873,0.09407123699755633,3600.0,3700.9439442419507
353,0x251eb2c93b4b41ae95e1da8d8d77291280c5832b,93.85828291,0,724.60127675,0,818.45955966,0.3135196271410251,12600.0,13418.773079289153
354,0x3608b692b78199c673907d3c81c40b501dfcbf28,408.07271984,0,643.32066926,0,1051.3933891,405.5093953859049,1800.0,3256.902784481952
355,0xaa7bc7ec203b769cdd55405d08d4627a234c183b,25.53842733,0,9.33427534,0,34.87270266,0.4046858607608696,600.0,635.2773885248503
356,0x3672c1a171c1b1368f8a5e4c9d6abb24c71048e5,93.85771251,0,724.59683513,0,818.45454764,0.7343758958085179,12600.0,13419.188923537316
357,0x7aad47c09da70036f061418f7e209ed606e4d075,25.53814214,0,9.3341709,0,34.87231305,0.3654903865139448,600.0,635.2378034331083
358,0xe8e3d36d2ab40b793b97736c965d00ee1c6cc61b,93.85707873,0,724.5919,0,818.44897873,0.565027908879451,12600.0,13419.014006638714
359,0x05f0eea897c07df3cebf59c012948d9a202fed62,30.8457332,0,33.83636939,0,64.6821026,3.4785394825818994,1800.0,1868.1606420798973
360,0x318daf9936979927585a1a7fae1fa490b1079063,0.74840894,0,7.08785293,0,7.83626187,81.93946489733749,15600.0,15689.775726768372
361,0x9403a06beb3389b8cca61cba9db86adb8648465f,70.62971712,163.426699,25.91148061,0,259.96789672,292.59349578720054,600.0,1152.561392511458
362,0xc9fe69cee1e6171533b6697ec1b75e234d0ce282,6.6381005,0,4.84602878,0,11.48412927,0.8604590704828634,1200.0,1212.3445883432414
363,0x7117951e0fe4e7589db69f2c9f8934f6b8c4ea6a,3.90243843,0,25.63499059,0,29.53742901,0.6021315544958448,10800.0,10830.139560567355
364,0x733056112b63e45ad6008b65b18105cc22288b85,0.74780679,0,4.6380927,0,5.38589949,0.7399410769957553,10200.0,10206.12584056982
365,0xc5e31460fa3c465a94ca9ff4c52beaeb56698ead,0.74596865,0,4.62669135,0,5.37266,0.19385061024046757,10200.0,10205.566510612116
366,0x875ef55a1a44be53b0b084f030aa98b7def267d6,569.71636962,249.53253597,705.20832541,0,1524.45723101,1206.3579608328105,1200.0,3930.815191842884
367,0x55ad6644cfa624a4dff4dd3176a510ffbd242e4c,0.74508127,0,4.8930218,0,5.63810307,0.6294691588336714,10800.0,10806.267572226583
368,0x43b8d7e495ee642f10831e5818c15a455ef29776,6.63917803,0,4.84681575,0,11.48599378,1.027875964382383,1200.0,1212.5138697424002
369,0x255d7e9da96b8398efd87e17527a8dfd901a7d82,0.74409882,0,4.61509343,0,5.35919224,0.113989193275059,10200.0,10205.473181437115
370,0x7d86d7593ec876d1c5f58c43ab2a6ae45237e95a,1.03614152,11.08905778,12.46420475,0,24.58940405,36.24765512043314,19800.0,19860.837059173937
371,0x9ffd1bc44e3d563eec54689b3f5752ad98baae3e,365.70278111,0,0,0,365.70278111,428.4391345727199,0.0,794.14191567782
372,0xdd5f717775620c101fa858123a3e1eb26362a078,16.21700597,48.38563236,77.00124715,0,141.60388548,6.1117163984217076,7800.0,7947.715601883025
373,0x4262d045e0eabd57ed8a9b99e659318b25ee634f,6.63978018,0,4.84725553,0,11.48703571,0.14647790169659958,1200.0,1211.6335136091238
374,0x05a2e85a34e9bc9a51f319d62994384bdb4da35c,365.70278111,0,0,0,365.70278111,428.4391345727199,0.0,794.14191567782
375,0x0bec491b1426375ad7692f3703ec4a8b497f5b0d,1.03316246,0,7.53891867,0,8.57208113,0.9608381162285428,12000.0,12009.532919245274
376,0xe49230b4b2367fface1efb27b2936a17a22f505e,243.74201615,0,109.82170865,0,353.5637248,1099.714254503955,600.0,2053.277979306524
377,0x37e07a6f19ae7dd219d6da252c6aad5b60fe4e2d,365.70278111,0,0,0,365.70278111,428.4391345727199,0.0,794.14191567782
378,0xb50076500ed64693a46541c9b2ed8103b8df4beb,6.64057248,0,7.27175128,0,13.91232376,0.6127198372654132,1800.0,1814.5250435973305
379,0x0496f7d82780fb693f4fe969d0e0400cde348540,2.06201479,0,10.53337169,0,12.59538648,0.357987644421178,8400.0,8412.953374127213
380,0x9c2221bcdae1970ffb6f18ee84656481450a0c55,19.88572988,8.33614018,7.26499035,0,35.48686041,0.9092557074620684,600.0,636.3961161184975
381,0x09b82c82a67352d84180a1869e90548e5cc59d8d,1.02463729,0,7.47670649,0,8.50134378,0.5573561510109134,12000.0,12009.058699930776
382,0x027f5625fa36bcd80cbe097cb467246b3ff0566b,6.64114294,0,4.84825082,0,11.48939376,0.8001418591987345,1200.0,1212.2895356173951
383,0x4bdb4ce240d1a1a5fa4ad37d58bed9b86f89bccb,12.27995401,0,26.90377944,0,39.18373345,118.36980450174408,3600.0,3757.5535379564253
384,0xad554866483b81b1b0c995d302ffcf4466a43092,1.0233696,0,8.21420118,0,9.23757078,0.02175521699525279,13200.0,13209.259325993184
385,0x8ceb9427d362dfb5e501cf42be5768e5a92177b4,6.64184017,0,4.84876004,0,11.4906002,0.36046936750014597,1200.0,1211.851069570276
386,0x4de6f93d29498feb93d13084ee1a247eeeee6ac9,6.26727124,0,20.58841283,0,26.85568407,0.9946757572281449,5400.0,5427.850359826897
387,0x354edf84f39ed9a5de69fb6c4e9432562457d739,181.61468394,0,381.49271706,0,563.10740101,7.046834262254321,3000.0,3570.1542352692168
388,0x7c777a788ea8ee6b59ba61eaa809a420a9b581c4,4.84863776,192.11684384,3.53920408,0,200.50468568,0.29115355191975795,1200.0,1400.7958392277574
389,0xce3832e9dd7d09916d9d95e2e6ddeb6bc2764417,6.26229558,0,36.57255246,0,42.83484804,0.49104671037105,9600.0,9643.325894746455
390,0x649005ae39e7877f35360ae0da953c63d32ca20c,181.61721996,0,534.10581281,0,715.72303277,172.8915068881877,4200.0,5088.614539657082
391,0x2bf3234fca81e84abb97f857a842aec2a5fe0181,149.47494605,0,55.63357673,0,205.10852278,0.28945679656843537,600.0,805.3979795761007
392,0x0f725bc9028ba5db8c6983e34859f6b14296f1d3,243.61773902,0,109.75222592,0,353.36996494,1099.3517669509959,600.0,2052.7217318865696
393,0xcf9a0a9201a904164934ce54cb6790fe57c77e29,1.02115115,0,7.8238299,0,8.84498105,0.7924477798538175,12600.0,12609.637428834612
394,0xa2177101ad68a2b035451776a57c145cef960107,4.91956468,0,57.45598234,0,62.37554702,0.7106761740151374,19200.0,19263.086223198217
395,0x0a91c04fd8b783282055fc8547fbf2df2df8d390,243.59973152,0,109.74215919,0,353.34189071,1098.8843297347203,600.0,2052.2262204436015
396,0xce7ffd79a2ee39e65d08358f9d97fbe65f8a23b8,1.01969332,0,8.18469086,0,9.20438418,0.245979876355573,13200.0,13209.450364058717
397,0x43ff703efd78aeae593e8c97674af773c8df553b,12.28065113,0,17.93740472,0,30.21805585,466.81816800156594,2400.0,2897.036223853073
398,0xf61738fc975e03fffdce7cf496c97f5d326e4d55,243.59212271,0,109.73790576,0,353.33002847,1098.9535922913901,600.0,2052.283620760466
399,0xa6a6ad6241fe157cdd59e323ade23fcb57b06666,4.91731454,0,17.94677859,0,22.86409314,0.664336174409956,6000.0,6023.528429310199
400,0xf1d97b2110a2387146d89099be2a1a79a1abc52f,365.70278111,0,0,0,365.70278111,467.85130786171993,0.0,833.5540889668199
401,0xaac5eb9bb17ba11ad077cbac6b9f64b1257020f8,29.620417,621.23418284,21.65930654,0,672.51390638,8,1200.0,1880.513906384796
402,0x26c0ea0824ddea0816bf4e1e825ed72806633d07,1.01798194,0,7.42813937,0,8.44612131,0.7581321074035086,12000.0,12009.204253421189
403,0xba02a341c3228ccce86f8180d5820ee7bbbfe554,121.78591628,0,0,0,121.78591628,434.97281070195027,0.0,556.7587269867503
404,0x3349869d4b467cf03f215add712ece159f83a556,8.97352304,0,16.37982654,0,25.35334958,0.8297593886492599,3000.0,3026.1831089704906
405,0x4ea03e801f5c82a36da4093567f0cfdfd4628873,121.78236551,0,0,0,121.78236551,434.9741007089633,0.0,556.7564662185633
406,0x21216b45df6ca0dae5fed2028b5e1b5f54fc77e4,6.25861929,0,36.55107373,0,42.80969302,0.29746127176799997,9600.0,9643.107154289868
407,0x5535483877bbe4a081573c2f5d6c2d1f3195f359,16.21779816,0,77.00501254,0,93.2228107,6.184655079642244,7800.0,7899.407465777658
408,0xb642bd6a5af0c40b8c9397834e3e54627559c6b3,121.79225695,0,0,0,121.79225695,434.96292793481126,0.0,556.7551848896112
409,0xc4fd514c6ea9d5813929db8e72c58614dea57d69,3.60469115,86.41538956,1.31546896,0,91.33554967,0.31631314082314843,600.0,691.6518628077243
410,0xfbcee5761022089df59fc57e4cd96c9551141eac,8.97399842,0,16.38069472,0,25.35469314,0.3878770247135316,3000.0,3025.742570166842
411,0x7931ce008c99c24970e33a73c1f6f7f0bee404e8,2.06619815,0,10.55474529,0,12.62094344,0.8631100598941026,8400.0,8413.48405350236
412,0xacfe27570338fd5b8dc50c0c63a60987369d2a69,6.25665438,0,50.24194135,0,56.49859574,0.9976436267280098,13200.0,13257.496239363685
413,0x65599e05ea782494d57ce3dcb4a6bb79654422bf,149.47440729,0,55.63336705,0,205.10777434,0.5233390871978574,600.0,805.6311134252576
414,0xd820b2bfe847ef76d0609b63cf64e86946b7af1e,9.29450063,0,115.36894259,0,124.66344322,2497.425094061336,20400.0,23022.088537276963
415,0x180baee530d7b1aff9ad2db1249762cee0195627,139.44110042,159.27393932,465.73874617,0,764.45378591,391.76748562930226,5400.0,6556.221271541709
416,0xeeb8ad488556b3decbb61bc106df16aadf5785c8,2.06470862,0,10.54713499,0,12.61184362,0.3972514782086808,8400.0,8413.009095094123
417,0x97dbc3243ed5818ff0f9cbaab5168141682c0f5e,8.97441042,0,16.38144714,0,25.35585756,0.07533810916368736,3000.0,3025.431195670208
418,0xe2c07783bcd3daa1f42b5e7d234ef352f6effe90,6.22908225,0,15.91559515,0,22.14467741,0.6893672389724524,4200.0,4222.834044646086
419,0x2b791aa5244e285c74acb394e60fad70756cfe1e,166.4715618,60.65296067,440.05307979,0,667.17760227,70.69673006920424,4200.0,4937.874332342677
420,0x50cfe26aa9c66926def29b6c968edb0419dc783d,8.97482241,0,16.38219957,0,25.35702198,0.4053613680513698,3000.0,3025.7623833480116
421,0xab09a46a17c34fdc3a7bc5139e5de2fedfcbd69a,6.25430917,0,11.41434118,0,17.66865034,0.6062431451187664,3000.0,3018.274893487173
422,0x9abfc6623e025b4caf8e9254bb28df42e05bd0f1,144.28103423,3.60702586,238.21517212,0,386.10323221,536.8702553093674,5400.0,6322.973487520694
423,0x874893876ebe14c2271bc1ff2b9780c150b6a9e7,169.5292046,0,393.02350112,0,562.55270571,22.28098246366797,3600.0,4184.8336881777905
424,0xde2ef3237835ebc78f395a566623643ff66a8691,243.45998315,0,109.6640443,0,353.12402745,1099.2033247578279,600.0,2052.3273522083955
425,0x02468a358887e94637475d74f108f776d259c237,1.03157786,0,2.63457427,0,3.66615213,0.6437510788367599,4200.0,4204.309903207587
426,0x05627e39709b6eba16a648b434d403f1381b6279,1.02948618,0,2.62923189,0,3.65871807,0.19328783699980553,4200.0,4203.852005903403
427,0x47c9fc8a95b3fc185f569213065a24d9d56d85ce,88.43824514,396.98055994,162.47766947,0,647.89647455,1010,3000.0,4657.896474554318
428,0x12c2cdacadc384ad8c3bf013d0aa9f31a38c9953,243.46378755,0,109.66617072,0,353.12995827,1099.7008802053404,600.0,2052.830838476047
429,0x18f4f18179f6b2145e1328572923ee2f6483107b,149.47386852,0,55.63315738,0,205.1070259,0.9560917085850945,600.0,806.0631176051722
430,0x6012708e3b4a4e11a1abcfcd162ff0a5e53f943e,16.21890721,0,71.08641609,0,87.3053233,5.961221602101545,7200.0,7293.266544902363
431,0x0ac731c2146db9902bde3da99a90514bf8aa1ac7,8.9752661,0,16.38300987,0,25.35827597,0.7506473181595665,3000.0,3026.1089232877216
432,0x10db1a7ffd0bdc50827cf6cad62218527f4c9854,4.91836038,0,17.95059724,0,22.86895763,0.8233208844975556,6000.0,6023.692278512563
433,0x83153aceffa0195e325e8e6323c4077b86d8c5db,365.70278111,36.57027811,0,0,402.27305922,471.28307303199193,0.0,873.5561322476019
434,0xf3b07aa6b01a12f6e5b982d771136d818d2c32a2,243.46581657,0,109.66730481,0,353.13312137,1099.0123718268183,600.0,2052.145493201599
435,0x4e1a4a6415f7091d1c10db6e8a51e0174ebd81f5,149.47332976,0,55.6329477,0,205.10627746,0.7036561198616068,600.0,805.8099335749762
436,0xad90858b2282f4a1269e62852bad60ce6db6ca7d,2.06860675,0,9.81226193,0,11.88086868,0.37550665260456195,7800.0,7812.256375329329
437,0x679a5b6cc953e64edcd69f67a13d3e6a1acabae8,149.47269591,0,55.63270102,0,205.10539694,0.9813183017021405,600.0,806.0867152374371
438,0x77a5b8efb2688643a1be476031f2a5379ec61c14,2.0696209,0,11.32236115,0,13.39198205,10.460840565557085,9000.0,9023.852822615141
439,0x5b8c77437b2a2c3d0d2a5069e6a7bb7c11c10b2b,14.55624289,0,5.31604866,0,19.87229155,0.0381574556915008,600.0,619.9104490042614
440,0x7a89319b99f35cf0f02454acdea74f8f2870ee63,5.00782718,0,18.27647883,0,23.28430601,11.435911684779173,6000.0,6034.720217693044
441,0xb06eae7b794bdd117fa8f0f7fba5eeacb03c05bb,199.76629388,189.34336041,607.33840259,0,996.44805688,4.313773780776972,4200.0,5200.761830660437
442,0x1b4bc02429c76ebb5504fe009448abcb9777faec,145.00971932,0,53.89669861,0,198.90641792,6.719514962952482,600.0,805.6259328845046
443,0x030262af901945a288c203781f662e191d7881fc,6.64231555,0,4.84910723,0,11.49142278,0.7858398724541796,1200.0,1212.2772626510796
444,0x7bff9e34608424716f52800c2bd80d245eaec4ad,14.55526059,0,5.31568958,0,19.87095017,0.7251322094039302,600.0,620.5960823764248
445,0x28aa191e2a451964530f8564a3b44b338effba02,6.642886,0,4.84952386,0,11.49240987,0.6468216719511451,1200.0,1212.139231541596
446,0x7ffc27f3ae33cf5ccfac134c9c5801d0bc22941e,164.3151557,0,798.95876372,0,963.27391942,0.9428917641084378,7800.0,8764.216811179147
447,0x83bad4097ede9c7e868dcf1261ff00571823d565,4.28210978,4.3351446,1.56277345,0,10.18002783,72.16864091242493,600.0,682.3486687422162
448,0x2e2bd0d8779b663f29abbbfb370da42a0677d7c6,137.12184085,0,50.85861877,0,187.98045963,0.7410005493579622,600.0,788.7214601783146
449,0x097f957037b711ee35e501498dfaa63d8a7e5e08,6.64358323,0,7.27504962,0,13.91863286,0.4436115902938568,1800.0,1814.3622444461805
450,0x66dc3613ac2cf36e519bf36d67d4df0356a82c9e,4.91617363,0,17.94261279,0,22.85878642,0.5729483149959672,6000.0,6023.4317347319375
451,0x18ca041962076064584685e0ce5e25d429d527a7,137.12256977,0,50.85889845,0,187.98146822,0.14745892603594635,600.0,788.1289271454067
452,0xc9c829b63ad1d3aa8bd5e176cda9e54b25ba4e42,8.97624856,0,49.15168044,0,58.127929,0.3062793953128931,9000.0,9058.43420839673
453,0x91556c0490d8e527fa035aa5b104a6597272516d,4.28264855,0,1.56297014,0,5.84561869,47.49077856700197,600.0,653.3363972546476
454,0x645b349d5cd1a50466ff5969646c0208ad0e67d2,137.12358392,0,50.85928756,0,187.98287148,0.8535964342345662,600.0,788.8364679098338
455,0x603d3887d4a7946200eab023ef4ed3478343f6ae,1.02720435,0,1.12431593,0,2.15152027,0.9001821717536939,1800.0,1803.0517024462415
456,0x7af38000a217f2c1c82925f3788324cdddfcffb3,4.91531794,0,17.93948844,0,22.85480638,0.1370496522293028,6000.0,6022.991856030036
457,0x34382ea99f5131f423e7eb0130bb9e02929c35fc,88.43767474,0,194.97193503,0,283.40960977,10,3600.0,3893.40960976885
458,0x21d36fe38f0a56556f05e30650e2c65ae4597ebd,9.25745256,16.04611358,0,0,25.30356614,1513.2913160776163,0.0,1538.5948822193463
459,0x3d024d0406c3fc7f4a093accbe2d41a4a1c4aacb,8.97681902,0,49.15753775,0,58.13435677,0.8727917081809702,9000.0,9059.007148473484
460,0x47994bd2b7c2983591071d604ac592f3bc5723e3,4.92206836,0,105.61829496,0,110.54036332,294.301086886188,35400.0,35804.84145020322
461,0xb22ab8f0a5211a19803618329772f905d3b5baa1,243.56194112,0,109.72103446,0,353.28297558,1099.212615623227,600.0,2052.4955912068253
462,0xc8757acad399767a79632f2d57831ec7af51b169,30.05399433,0,10.98857279,0,41.04256712,0.9605851302063306,600.0,642.0031522455005
463,0xd465afa31ba99dd399c51379ca83f482a3ceeadb,365.70278111,0,0,0,365.70278111,515.6323892357699,0.0,881.3351703408698
464,0xfe71971f9548816015005e4c40517e5c766b08d6,4.91398687,0,19.72809117,0,24.64207804,0.8117189764488706,6600.0,6625.45379701551
465,0x751d4cdf87d675d0b43c36dfdc93b50a74c5bc50,4.91265581,0,55.58228151,0,60.49493731,0.4388203624188416,18600.0,18660.933757676372
466,0xeb7a943fa6725ee88485c9b3de51635d77c9abb7,164.31429979,0,798.95438048,0,963.26868027,0.955622605224327,7800.0,8764.224302876875
467,0x6ac541883a3d619895c7fd73deb872eaa8991ce0,137.12412269,0,50.85949427,0,187.98361696,0.8001265086632252,600.0,788.7837434641337
468,0x143849d38769eb327bc4623c7286e8d0ce19a377,88.43704096,0,194.97052576,0,283.40756672,10,3600.0,3893.407566724796
469,0x97e7dde3d7842cade56cde525ccd6cb01155ce2b,6.6440903,0,31.52762226,0,38.17171256,0.2863247084712424,7800.0,7838.458037268738
470,0xa3a83eff5bbd6d0e791d2530211848bb24d12b1a,4.91135643,0,19.71752623,0,24.62888265,0.6154360672304264,6600.0,6625.24431872209
471,0xd803c9c87c41943fdd4166139c372b1b029c37f5,137.12478822,0,50.85974962,0,187.98453784,0.030724619741048818,600.0,788.0152624621115
472,0xcbbb1f2affbb7360b2f6fd45567a12acd4734545,6.64576999,0,4.85163018,0,11.49740016,0.2427587464290382,1200.0,1211.7401589095618
473,0x07fc12f2d130a26a912ce0db3afe5f4bcbf8c9c5,80.89539965,0,415.84001171,0,496.73541137,21.982781623435915,8400.0,8918.718192989178
474,0xbad4f2d10aebeebc8f43f99fb4b6b39e15f6a70d,99.58870813,0,732.63630075,0,832.22500888,0.2272689972728902,12000.0,12832.452277873828
475,0xce01dcbee780dc56bfd0ededabbb6a03d6d0d913,137.12577067,0,50.86012657,0,187.98589725,0.19202486713311412,600.0,788.1779221139749
476,0x50bce89a4716e9e72cb7de0f626cc473ba527752,88.43656563,0,194.96946881,0,283.40603444,10,3600.0,3893.406034441756
477,0x59e771e0fcce00e4fb4bbe6145ed0fbb43fd44f7,8.97723101,0,49.15979501,0,58.13702603,0.6381704601725946,9000.0,9058.775196487622
478,0xd4f9162fb3425460ba06715d33b29b04b40d2e3a,190.78683659,177.40483912,82.4055509,0,450.59722661,0.6907043516938606,600.0,1051.28793096634
479,0x3deb204a449a5bf9663b08fc9dda7bad62d46fb8,6.64488261,0,7.27647312,0,13.92135573,0.9739746312030042,1800.0,1814.8953303600233
480,0x5a027343f77fca669165d912e924ae40d70d3e64,14.55481697,0,5.31552742,0,19.87034438,0.9386191603446807,600.0,620.8089635421499
481,0x021d29d8bdc656da3a70b2d2e9ab6721ce05317e,99.58921518,0,732.64006899,0,832.22928416,0.6898007258979422,12000.0,12832.91908488934
482,0xc32afcf28110cce65a7763604bf3dfb923667c0a,164.31300009,0,798.94772445,0,963.26072454,0.938216701992043,7800.0,8764.198941237391
483,0xcd1e4d9e54bb17b0ba138f7d8f248eeec2754a4d,88.43605861,0,194.9683414,0,283.40440001,10,3600.0,3893.4044000065132
484,0xe4f98f56ecdca0b9ce012b9dd64f5253df6fb5ac,14.55405647,0,5.31524942,0,19.86930589,0.5836550792304224,600.0,620.4529609720944
485,0x0fdeeb2c7c674c23033e07cc1147502298a868bc,137.12649959,0,50.86040624,0,187.98690584,0.039751396402003585,600.0,788.0266572336579
486,0x5dcbd7df10249843f3cd4361efd66ddac8095cfe,99.58969053,0,732.64360171,0,832.23329224,0.07044077842096033,12000.0,12832.303733023316
487,0xf18111d4172c47fc791edc92563a32a8f977aa05,2.05875051,0,9.76550139,0,11.8242519,0.09071446276289583,7800.0,7811.914966358076
488,0x96aedf3e889b4a4d044c8d8581b88670de6bbe74,14.5532326,0,5.31494826,0,19.86818086,0.4710677817786016,600.0,620.3392486449563
489,0x052a7db60f118aba5dc72cdb6b4eb9145d7fcd91,365.70278111,0,0,0,365.70278111,428.4391345727199,0.0,794.14191567782
490,0xf1d26e42a22eae9c494d312428e354fdadc66527,6.64418538,0,4.85047286,0,11.49465824,0.932585325905187,1200.0,1212.427243569539
491,0x82d42e664a3ff32bcbdd0e93365a800eb0ee4bbd,81.87718515,0,751.63825538,0,833.51544053,11.811461297293459,15000.0,15845.32690182511
492,0x5f1622a52957487623f88d3b9cb3dcb35c7872c6,137.12738697,0,50.86074671,0,187.98813369,0.6396350954255434,600.0,788.6277687818814
493,0x125aa622006d39c15f499d902b42395bc67ca0fb,6.64301277,0,31.52250693,0,38.1655197,0.037406879058563755,7800.0,7838.20292657784
494,0x6c7f02a355423ab953d06bf57074b99ab4521969,14.55228198,0,5.31460077,0,19.86688275,0.5510210732511311,600.0,620.4179038252524
495,0xa8b838d3c8c4a0f48f694c7120a02776eaf1a5d1,137.13023926,0,50.86184108,0,187.99208034,0.34490087454470575,600.0,788.336981219143
496,0x2409b6551596a9286b3485637b22ca906fa46e69,14.55139474,0,5.31427644,0,19.86567118,0.6883270454492826,600.0,620.5539982270193
497,0x3c80b3e3e4444a98b4e19be17385aed43e2c9335,2.73746852,27.96468895,32.95140307,0,63.65356053,0.8394206217341459,19800.0,19864.49298115534
498,0x39e8420d1fb27f54d1010530591e3d250a2fe54e,99.59019758,0,732.64736995,0,832.23756753,0.223499868968317,12000.0,12832.461067400749
499,0xf55144cec67980988eac597eeebe12cecac67232,164.31214418,0,798.94334121,0,963.25548539,0.42734071425534104,7800.0,8763.68282610627
500,0x53a81f1ca5982a8e84e9e555acbb87c375d475de,137.13106326,0,50.86215723,0,187.99322049,0.6019194082412592,600.0,788.5951398985252
501,0x250803abd2be809900a2187ba48d5ad2d8e41bd0,14.55063424,0,5.31399845,0,19.86463269,0.1563543028460058,600.0,620.0209869954748
502,0x2b09171eb3e3f8db8e9537af1ccd52ec1b823db5,2.7367713,0,41.92790924,0,44.66468054,10.452492280188483,25200.0,25255.1171728171
503,0xbdfbc244614bb11d76fcf119e528f8540c5779df,88.43561496,0,194.96735491,0,283.40296988,3.999979,3600.0,3887.402948875676
504,0x5d0e5336b0c948290acf98039df57d041a8ae360,14.54461365,0,5.31179767,0,19.85641132,0.47247064611530615,600.0,620.3288819679599
505,0x5e133a5976d33e1b7d71b6372956513ce3625b5a,2.73629591,0,26.94422179,0,29.68051771,98.40963305654334,16200.0,16328.09015076504
506,0xd53ced1cfa043af7a8981d09e408c9bebf192490,88.4349495,0,194.96587518,0,283.40082468,10,3600.0,3893.4008246794197
507,0xf90a5ef8faa4fc1e3d296e6c3d3a64bcc70f31e8,99.5907997,0,732.65184473,0,832.24264443,0.9972438189010178,12000.0,12833.239888253856
508,0x4fd27293d6e1f874bd52d22c80b91334f4a84f86,137.13255278,0,50.86272874,0,187.99528152,39.007780381453486,600.0,827.003061904323
509,0xfce1f788d71f434611f5354a3cfd2a829cef0f8b,43.15884761,0,157.96381378,0,201.12266139,0.34022569867380964,6000.0,6201.462887092261
510,0xef1508333672dbb3cbc7dcca5e5ebc5acde77e14,88.43453754,0,194.96495916,0,283.3994967,101.56966334751148,3600.0,3984.9691600482965
511,0xcfe1bd59824b927ad64d2e1a2b5bf7877040cffb,2.73582053,0,26.95412436,0,29.68994489,0.09800914241742119,16200.0,16229.787954034924
512,0x06effd58d522811aa7b55a564118570f2f02d9bb,14.54832107,0,0,0,14.54832107,0.8702851093554693,0.0,15.41860617785547
513,0x7961ff36ddae3fd087025ebbd9faf55dfc98484e,99.59137013,0,732.656084,0,832.24745413,0.2655824427517648,12000.0,12832.513036575454
514,0xd165dbe50210829fe0ce03f116f2ddcd0feb25f5,164.51664217,0,61.53775059,0,226.05439276,0.9774344989877336,600.0,827.0318272585613
515,0x879cbbf7f66b69592b817727f1d36fff41f0b2d7,14.54790913,0,0,0,14.54790913,0.7019455563057098,0.0,15.249854689905709
516,0xec2c7b79194e61f735265a8a7da12404a54a87da,164.51724447,0,61.53798791,0,226.05523239,0.13651079241449282,600.0,826.1917431819837
517,0x96b4f52d30e508fb9cceba6aa1643167e9b5a38a,2.73471131,0,12.92952094,0,15.66423225,61.340570892227845,7800.0,7877.004803140597
518,0x6c4d3c4430b346846e63535355cbf69cb1448f09,164.31147848,0,798.93993203,0,963.2514105,0.1918951793067058,7800.0,8763.44330568202
519,0x04316fa4641d65dddc03094b53b7eb0dfeee402f,20.6114958,0,128.01977228,0,148.63126808,0.18399140712225076,10200.0,10348.815259488558
520,0xe284c9b718430cbaecf452a2997ebcd65bb0cf1a,121.77925858,0,0,0,121.77925858,435.1086501469246,0.0,556.8879087282246
521,0xfb0112412da539041c9cb543e71d4a4bf500797d,99.59197225,0,732.66055879,0,832.25253104,0.9620723769116082,12000.0,12833.214603412789
522,0xf7c3b19fb783953497cc724c7e5a791347daa9e8,14.54740214,0,5.31281698,0,19.86021911,0.17749295720941638,600.0,620.0377120718383
523,0x7231763a63dd0a39db62743f5aaaf7c889af8f39,43.15824555,0,157.96160263,0,201.11984819,0.5897238589855481,6000.0,6201.709572048252
524,0xcd29769c20fe88449839db6dcb1d2359e35b643a,2.73423593,0,9.97722474,0,12.71146067,0.46085283695007423,6000.0,6013.172313509346
525,0x9e80a4f602ad400fcecb502f604ec9121eb7774a,161.68055622,0,301.95006167,0,463.63061789,4023.3941641468487,3000.0,7487.0247820362965
526,0xf331bafe483881a6e5a2ada9bae4ddfca1d4e9c1,164.51797358,0,61.5382752,0,226.05624878,0.08707547500001275,600.0,826.1433242587746
527,0x015112e18147a0b579a2b9df4cf59f51908b6ec7,175.86062214,0,569.02543939,0,744.88606153,149.6189603400606,4800.0,5694.505021872448
528,0x9c47df796f381b5dee4f953ed80f25feb1b1d092,243.55293737,0,1426.30801977,0,1669.86095715,7143.711427513887,7800.0,16613.572384661235
529,0x56a614872dfa657a1ae9fcbe6e6c56e18f22aa2e,14.54641983,0,5.3124579,0,19.85887773,0.7063600368054552,600.0,620.5652377698854
530,0x5033b496a07d6a89145e1fd8a07ba02b4ef6a851,99.59254268,0,732.66479806,0,832.25734073,0.472833864630482,12000.0,12832.730174598253
531,0x6b3c2be4bcc3285463fb59b51e833b57d7435491,163.7755232,0,306.23021523,0,470.00573842,16.569221171110417,3000.0,3486.574959594997
532,0x9fdeec6ef7568d098179dc182664af3ec5d5507f,14.54556427,0,5.31214516,0,19.85770943,0.31064228822157264,600.0,620.1683517212426
533,0xf89d88b2027648982153ecedfc82c3232c4f68a0,2.73379224,0,7.98048412,0,10.71427636,0.028370835019173184,4800.0,4810.742647190915
534,0x852b764edbc10165abf12b547aa1c382f4551b19,121.77494693,0,0,0,121.77494693,435.0248671103369,0.0,556.7998140360369
535,0xeb401fef29b6c578276524676cb6cb87a0882336,99.59311311,0,732.66903732,0,832.26215043,0.8879749091136236,12000.0,12833.150125340482
536,0xe613b8fe1e82010419427b09163ee5cec213e43f,164.51857588,0,61.53851255,0,226.05708843,0.723695270598021,600.0,826.7807837046973
537,0xf11b57015ea6465d69b2cbc52acbb5e25265f3c2,14.54366304,0,5.31145018,0,19.85511321,0.12355488015468818,600.0,619.9786680908228
538,0x7b865828987ff35b50520a2bb3809ab134806fe2,731.40556221,0,489.09013147,0,1220.49569368,513.0294562172145,600.0,2333.52514990021
539,0x17fbca7123aa866ebb8878e73fb50b4c989d5ec8,164.31068597,0,798.93587347,0,963.24655944,0.6115844105611832,7800.0,8763.858143854584
540,0xa3fb45385c87922277c6e45f9d6ba61ecf547906,512.58540502,345.59621855,601.59802537,0,1459.77964894,0,1200.0,2659.7796489391976
541,0x9e00a2a62b13fd629122c92141cce037884f6a9b,121.73728335,0,0,0,121.73728335,434.5458027936699,0.0,556.28308613957
542,0x7d4888d1f4aa08700c0655555824c71354b67b05,164.51920989,0,61.53876239,0,226.05797228,0.5824379253045026,600.0,826.640410201851
543,0xfcaad15237220b362e5b7b40ec9c69dd5bbf5ff3,14.54271242,0,5.31110268,0,19.8538151,0.05428562956152544,600.0,619.9081007290532
544,0xe40a63e6aeb2f9d773f5e5115a548c315f8ef276,163.77507939,0,306.22934268,0,470.00442207,27.55762524648814,3000.0,3497.5620473165036
545,0x9d141171eddf9878e3be0a9ac57e87b28d66cbb5,43.15748506,0,157.95880961,0,201.11629467,0.30738221997464754,6000.0,6201.423676887995
546,0x9f2bda73ce4d3e0ccf4ed46dcf6bbd15dacb01e0,2.73331686,0,6.9817089,0,9.71502576,0.2607017352433092,4200.0,4209.975727496675
547,0x8b8f9a3617ed569e2ff630cdf9b03753846a09f6,99.59371523,0,732.67351211,0,832.26722733,0.9283913411688762,12000.0,12833.195618675712
548,0x0813fd8721fc674a5c595c15ea08d86cdc3f803e,121.73411301,0,0,0,121.73411301,435.14643023222726,0.0,556.8805432431272
549,0x30d0558f5923d395f27296dfee9d0808537a27ec,164.51990729,0,184.61711164,0,349.13701893,0.8620036719806344,1800.0,2149.999022598896
550,0xbbe0a25b482e764040dd7eceeb871c910b001c72,14.54188855,0,5.31080152,0,19.85269007,0.24268113420550425,600.0,620.0953712040109
551,0x448100ae04ba2f313a7e4894dcbad3ee907cdfba,281.31881627,0,626.59860629,0,907.91742255,401.02899182647894,7200.0,8508.946414381193
552,0x3748b2198b6ce976ff7eaaeb14a8d03bfc115151,164.520573,0,61.53929954,0,226.05987254,0.45035751694341297,600.0,826.5102300547513
553,0x586e3e673cc16a1aeff82e613c56ef987509f544,121.73531774,0,0,0,121.73531774,435.1442725652369,0.0,556.8795903034369
554,0x7a0d17e495a54490e0cc5f7cb7673765892afd68,14.54930337,0,5.31351196,0,19.86281534,0.83915412636904,600.0,620.7019694633508
555,0xc55ed8c666e0349fc1bff2cb84f789bca5ffdffb,163.77422349,0,306.2276599,0,470.00188339,46.56734077952081,3000.0,3516.5692241670713
556,0xd5f9b5a86c787dd33e015c1301869852ac7b8b14,2.73284148,0,5.98328075,0,8.71612222,0.6394062472553284,3600.0,3609.3555284708636
557,0x2697b3f67e027e350cb6262ed8c3da6de949bcd0,164.5213021,0,123.07917371,0,287.60047581,0.07017064589640777,1200.0,1487.6706464589406
558,0x51f1239d4ad9503c824914deafa2e3b35cc398ae,148.9223309,96.28647262,1163.78648774,0,1408.99529127,9.931225614377029,12600.0,14018.926516884598
559,0x36c7ead3016d47ed645a4c3bffd22ca5aa6fa361,14.52937206,0,5.30622621,0,19.83559827,0.18301863469019078,600.0,620.018616907339
560,0x8d8ff9138cd3b0fd66c045f20b6a91c66e5eb1f5,7.4749304,33.95347469,2.72863622,0,44.15704131,0.7034719713680478,600.0,644.8605132771139
561,0xd7bd6efddf610cc1a76cd0dfa5bb077c0191abc3,6.59341464,0,33.69375275,0,40.28716739,77.27893658948925,8400.0,8517.566103977471
562,0xc13264765c34b63eff2dd3b2a2ee520a4bb0c715,164.30998857,0,798.93230195,0,963.24229051,0.9926122958753443,7800.0,8764.23490280825
563,0x2357b703e87aee26bae8be4fc06e2c03c4452263,152.19336762,0,170.07504142,0,322.26840904,0.32587718727432896,1800.0,2122.594286231055
564,0x7d105eae5f05b46a206de34b3ac41afbb1526ef9,188.6022056,268.47812186,81.40892366,0,538.48925111,0.000371338487908784,600.0,1138.4896224513996
565,0x0c64fb9c56cb4839f773dc666360136da04bb3ab,163.77365288,0,306.22653805,0,470.00019093,20.57398909421702,3000.0,3490.5741800267906
566,0x1c2327ca09407da5c7a7cc2435d4d419bbb8fedb,148.92359859,0,609.60647157,0,758.53007016,54.459406893258134,6600.0,7412.989477055983
567,0x4f262dcc24592ddae9861a31d35ce4610a570572,14.53849801,0,5.30956213,0,19.84806014,0.5497595981600614,600.0,620.3978197381028
568,0x8a64225de54051b9c9027f3204937ebe6362cf2b,145.01542389,0,53.89893695,0,198.91436085,10.545383527238108,600.0,809.4597443725445
569,0x26c2fc934ac5d0f0306fcb1df7858d9630d0da7b,14.53732558,0,5.30913356,0,19.84645914,0.07459805174755801,600.0,619.9210571879061
570,0x87cae2128fc61e5e9d20592b7d618c92031ce392,169.56325061,0,524.2719027,0,693.83515331,3.6697553067322155,4800.0,5497.504908615389
571,0x2375cd53b3fa8354804f95bd204318743698537f,148.92080968,0,55.41793379,0,204.33874347,53.41005821956764,600.0,857.748801694377
572,0xb80db2dc58909e99a52c10bfe50bda548d3bc26e,163.77330418,0,306.22585247,0,469.99915665,17.09677576029389,3000.0,3487.0959324148257
573,0x9b1ad42dfcc0208f39eaa08f4da4ca3139140dc0,152.18740951,0,56.68936057,0,208.87677008,0.45220070776412574,600.0,809.3289707837264
574,0xb6d13f0c6589efad6d5b73aacc740b8f0a5156cf,14.53621652,0,5.30872815,0,19.84494467,0.633980287775569,600.0,620.4789249608948
575,0x5434405ab2963aee3c865528872f5998c5dc9e81,14.53491734,0,5.30825325,0,19.84317059,0.1671703637168282,600.0,620.0103409515616
576,0x9bdd6711ff9c473c80cc2c19772f48a134bd4c04,373.94406859,0,425.82852962,0,799.77259821,0.35274081770833177,600.0,1400.1253390259085
577,0xecac0c64af2856d6cc0dbc61c4e583c4b0f2cb9d,169.561095,0,1310.64166011,0,1480.2027551,0.5721996059180786,12000.0,13480.774954709277
578,0x6464a527d8c1ec4ab2ac6a457cabf89db0f5b0c1,43.15669288,0,157.95590021,0,201.11259308,0.4905305575590278,6000.0,6201.603123640946
579,0x2d64fc2df5b960be00b520315eb4000b7150739a,14.53380829,0,5.30784784,0,19.84165612,0.1483451511008894,600.0,619.9900012759065
580,0x32fde8a04b2ac362cca8e88d211bc17cc70197aa,164.30922776,0,798.92840573,0,963.2376335,0.014922514178723936,7800.0,8763.252556010211
581,0x3d2e0dafe4e006927994e9a8749f2b612486c497,3.89321602,0,24.15358845,0,28.04680447,0.8431071358963713,10200.0,10228.889911607506
582,0x73789b99d0a813ec383dc7e7bb10f9f9ac2c3e3d,152.18972303,0,56.69026138,0,208.87998441,0.5780752996773347,600.0,809.4580597132567
583,0xf085fbbe5bc593d04d790835e95529acb38b49ce,2.73198579,0,5.98140664,0,8.71339243,0.16495258697311835,3600.0,3608.878345018027
584,0xcfd36985fe5b8efcc0e8ed5d7e27e061901c3b49,163.77298718,0,306.22522922,0,469.9982164,15.741573994244453,3000.0,3485.7397903960114
585,0x906f50bb4c1b5c166883cc4c8ff0db3bb8045e98,731.40556221,36.57027811,489.09013147,0,1257.06597179,332.75905466041695,600.0,2189.8250264539224
586,0x593ef4fe515e1591e6e0b9e60565370e9128fa86,14.53273092,0,5.30745402,0,19.84018493,0.2873058929665178,600.0,620.1274908251055
587,0x902e340758ba506228586aaab8296ffcf927e8d7,169.56071459,0,524.25397489,0,693.81468948,0.9693217213915996,4800.0,5494.784011205921
588,0x9bd2f935a1b46f3ed6f5a82b80f842b251b48bd7,152.19035687,0,56.69050818,0,208.88086505,0.9156318132967723,600.0,809.7964968673192
589,0x22d73c9fac2894409ba7b79e0ca619146353a097,6.63978018,0,31.50716094,0,38.14694111,0.2538292899017366,7800.0,7838.40077040423
590,0x93763603c68e47c2bdec415aca78d3d46b495a11,199.78135226,9.98929113,86.77248642,0,296.54312981,262.4618634543669,600.0,1159.0049932619959
591,0x817f1db1e3fd4b9ea53b653238f7d3df8941751e,7.46535938,0,54.50281253,0,61.96817192,47.89913037203809,12000.0,12109.867302287099
592,0xc6a20f841c2adb68f0e2b40e2a1609aa21fc5fc0,14.5315268,0,5.30701386,0,19.83854066,0.2644299483746942,600.0,620.1029706063568
593,0x6f6a2c5e188dcf14f3f0e53a6aa7fea7a97bbde1,163.77260678,0,306.22448132,0,469.9970881,16.02011108985572,3000.0,3486.0171991883044
594,0xc2b7502f97a343eac22782fa62ba0408b598a4c3,169.55960509,0,720.83843088,0,890.39803596,503.10466955101344,6600.0,7993.502705514034
595,0xead2a439364332f27f10af8465ffd04466c73c5e,152.19095902,0,56.69074264,0,208.88170166,0.62082758678837,600.0,809.5025292492317
596,0x59b8f1a85ce3065d805c3da8bd00b349fd4e1cac,6.64047741,0,31.51047085,0,38.15094826,0.08805427455447178,7800.0,7838.2390025345485
597,0xf3a1fdae4bc53ae76a0811bcc1ebf587fd07005c,14.53048112,0,5.30663162,0,19.83711274,0.8027393053779401,600.0,620.639852041066
598,0x17a8965484d13b40baa923a438ecc68df71c6908,152.19149779,0,56.69095242,0,208.88245021,0.23161847864671456,600.0,809.1140686854667
599,0x1baa8a8d1aadc5870a03e917f87aef6b4e57975a,164.30719895,0,798.91801584,0,963.22521479,0.3393837593200544,7800.0,8763.564598545105
600,0xd8c47e4cde1d114870e2397795c5a48ce64791e7,7.47229995,0,54.55351015,0,62.0258101,0.738387896358286,12000.0,12062.76419799831
601,0x54a4ec1358f4943168cefd0a8fe580f3601a234e,169.55874918,0,720.83011147,0,890.38886065,0.14104207032710103,6600.0,7490.52990272222
602,0x03ee8ac6f2010ba6234fa5848635854162273b62,6.6425057,0,31.52009971,0,38.16260541,0.45877045148317697,7800.0,7838.621375862507
603,0x6a56cd0f7982638c76a5ae3c3bc5889de63cd0cb,152.19200486,0,170.07344957,0,322.26545443,0.9399611951715704,1800.0,2123.2054156286945
604,0x7026face79c9223aea794644c5dac027bf30afe3,14.53960706,0,5.30996754,0,19.8495746,0.14659024941888438,600.0,619.9961648524009
605,0x84a78596a75cdedf3e2ade64b1cfd6609f210f0f,163.77232147,0,306.2239204,0,469.99624187,15.378423559116982,3000.0,3485.3746654300776
606,0x4bebffba94d82b56bd8040bd1e9e0f4d1fc52c23,43.15602744,0,157.95345631,0,201.10948375,0.7428189834687564,6000.0,6201.852302735765
607,0x3213f9588a39eadcf29ee15ae33d333739096d44,152.1926704,0,56.691409,0,208.88407939,0.8650370600148868,600.0,809.7491164516545
608,0x62fafd89983f36bf417e1d694aad19d1a13880a0,91.98141274,0,101.42673538,0,193.40814812,0.6579225000007816,1800.0,1994.0660706207182
609,0xf6e6341cbb1101f68428935df98ab720fea7bb63,169.55773478,0,589.76202406,0,759.31975883,0.837339931757396,5400.0,6160.157098762425
610,0x1a7dc561103546e3bdb2c55a53a96d8543716c97,7.47081043,0,54.54262984,0,62.01344026,0.7249835251429332,12000.0,12062.738423787898
611,0xee6c280dc1b6e824add79e3ebb10429d380741ab,14.52775601,0,5.30563547,0,19.83339148,0.13228391360679337,600.0,619.9656753972556
612,0xff24a0496ebb78d86bd12a8c2ea7767082b49c7c,45.55716429,515.63480475,16.67742439,0,577.86939343,0.17776418022124155,600.0,1178.0471576097982
613,0x09b0c951e3f29ddd1ac2721fa5478c2dd0157dd3,43.15517189,0,15.79503142,0,58.9502033,0.13934738173018202,600.0,659.0895506834895
614,0xe4d38c5db0595a24db6edb82462573ba6eb2ddc1,164.5219678,0,61.53984919,0,226.06181699,0.7710801776685066,600.0,826.8328971688602
615,0x6163f1493d7f9dc64ebf41260dd89eba33d78ce1,14.52693214,0,5.30533431,0,19.83226645,0.6578093749258119,600.0,620.4900758288884
616,0xccd5bb85ba52381ced26850e8aae13c6f83fdb23,8.9776747,0,49.16222591,0,58.13990062,0.1973705393461724,9000.0,9058.3372711568
617,0x5fafcbed21003a361545aa6f569ca34c40c560ec,163.77092667,0,306.22117809,0,469.99210476,18.318702301859023,3000.0,3488.3108070606536
618,0x91b797ae7ed313003abced6869cb30f11d0f470e,7.4692892,0,54.53151803,0,62.00080724,0.63981737413472,12000.0,12062.640624609627
619,0x5d78a9ce98b23825c7e826812c0d5d4dffee34a1,164.18581888,0,798.29676769,0,962.48258657,4.6125519455819,7800.0,8767.095138517372
620,0xb6cf7cd45cec7596640b150fdebe71bfebc5eee5,47.65403968,41.40625037,17.44808256,0,106.50837261,0.003978934348070572,600.0,706.5123515430822
621,0x4ec766af06b06e2d8e9c59f83346ecd8be37d5d3,14.52585477,0,5.30494049,0,19.83079526,0.4166453867384758,600.0,620.2474406480344
622,0x1f2f77cb5ffbcf26f22159896dfa2818cbcdbcdf,169.55678377,0,524.22618779,0,693.78297156,3.405805496340305,4800.0,5497.188777051866
623,0x490f9c29d2e762bbd4368914a6278a519ef2f0f2,243.45465699,0,2522.20454823,0,2765.65920522,12186.285995380815,13800.0,28751.945200599395
624,0x5f44b32e0fe703924a6d1e4fdc4b70595ec21d5a,14.52484078,0,5.30456983,0,19.82941061,0.05441165205487818,600.0,619.8838222614293
625,0x592cdec71a9a354d5247e98af746c51f9c6d2119,7.46738768,0,54.51283631,0,61.98022399,0.6938859189797267,12000.0,12062.674109910653
626,0x296c9b4074858ccbbd226a7a4fe79a967fb71df1,114.84119941,0,0,0,114.84119941,441.67465662384404,0.0,556.515856029094
627,0xd5739719dd973ca7686ebc73f11fb53407ed9be7,47.65505367,18.25523838,366.41591868,0,432.32621073,1.5638040549625856,12600.0,13033.890014784085
628,0x043f215ff9899972d1723beeb4affbd1526736cd,169.55589616,0,589.74740279,0,759.30329895,0.2910419882198896,5400.0,6159.594340938096
629,0xef0e38dbd5c07ae09bc7cc550b253a5ec377c26e,14.52395353,0,5.3042455,0,19.82819904,0.3755464712587114,600.0,620.2037455102018
630,0xd204a086f1c39307ac9306f148c46de8385740c8,162.87473031,0,243.56807931,0,406.44280963,16.52328451469017,2400.0,2822.9660941397756
631,0x536d3ef206c2b9769c3e6773649f0a599df1e7c3,229.67998936,0,102.25642862,0,331.93641797,1127.5107606197585,600.0,2059.447178593379
632,0x6b2e83add049d8ee32030c158f081fa710b97835,45.55754454,0,300.19383692,0,345.75138146,0.10995779395405958,10800.0,11145.861339250381
633,0x8f50b09a0627ad59cdfc21cfff628396009fb0cd,14.52297123,0,5.30388643,0,19.82685766,0.1299800914581136,600.0,619.9568377488522
634,0xf79d04cced3cb9ec219570b8ba64ce08a090ec3e,154.21003102,0,459.81623728,0,614.0262683,0,4800.0,5414.026268298281
635,0xbda299f559e6e2f00e7a4414373f350675115b71,114.83907528,0,0,0,114.83907528,441.6805240703502,0.0,556.5195993511502
636,0x04685aa5da3e6c1340a6b02ec45070e93b14b408,164.30444103,0,798.90389207,0,963.2083331,0.8319341526752588,7800.0,8764.040267254217
637,0x8040d7308675a56ba01501748f15f86edbbdabc3,14.52208398,0,5.3035621,0,19.82564609,0.2891094346282618,600.0,620.114755521591
638,0xec5a8ab1fbaf842047f47f8a282b1f0944806494,43.15282703,0,15.79417023,0,58.94699726,0.32000141479456023,600.0,659.2669986733227
639,0x30f0d7a0dbdef20fe8ef92dfceaafa71459ff634,169.55313825,0,524.20041981,0,693.75355805,4.975848234600894,4800.0,5498.729406286797
640,0x6bebd7bec6ea01cb59db39b9616140b4ebd0f6fc,888.04647303,416.38954383,0,0,1304.43601686,330.84063226230035,0.0,1635.2766491231496
641,0xcd620fa42c5e46cefbb37bf23a349ad94021762b,114.83790226,0,0,0,114.83790226,441.6835036851133,0.0,556.5214059419633
642,0xbb45d2c1da3f63919495b662086cff018a460d82,14.5210383,0,5.30317986,0,19.82421816,0.2812783482488936,600.0,620.1054965129175
643,0xb5efb0cd082ac4313545f90f4997e79c5465e844,43.1511476,0,15.79355344,0,58.94470104,0.6174136853635032,600.0,659.5621147237397
644,0xb704b1dac85fc236ddde36f9da0d530acc64b000,14.52002431,0,5.3028092,0,19.82283351,0.261329080617091,600.0,620.0841625933641
645,0x3e8e3237d630cbd1c5d2d33b6f8785507786bd35,229.67491682,0,102.2537521,0,331.92866892,1126.6853836118223,600.0,2058.614052533808
646,0x4d103458b97924231409da7865782bd5770f07f5,21.70261629,0,95.15957018,0,116.86218646,0.55582750547549,7200.0,7317.418013970273
647,0x76e803e1598133115f35666168e02bd0575ab3b6,158.61602522,0,295.96965055,0,454.58567577,0.709267992817876,3000.0,3455.2949437676125
648,0xce5552d71970de24c871ff8df442c8ab13c20b93,169.55136304,0,524.18787251,0,693.73923555,3.4978458212259387,4800.0,5497.237081371243
649,0xb7d9e65b915ade349d7adf924b6ed1277e3b7e41,14.52813626,0,5.30577447,0,19.83391073,0.13432470571807717,600.0,619.9682354338375
650,0x56cbad74e44a7a06e25a380526b79b4dc1858420,43.15032373,0,15.79325086,0,58.94357459,0.540837825810587,600.0,659.484412416565
651,0xcb2a0f22e4327a84876fce3dc6a15ecdd43fe9b4,164.30358513,0,737.44570046,0,901.74928559,182.9359945816495,7200.0,8284.685280168147
652,0xfe0c8f0e8dcd75f0fa2ac6c88c8aa790229d4b44,8.97805501,0,49.16430954,0,58.14236455,0.7301181370795242,9000.0,9058.872482688825
653,0xaf4af9182817e5fb69c0d4fdfef1b6a27096f346,114.83698286,0,0,0,114.83698286,441.6867220394199,0.0,556.5237048991199
654,0x7f570bc0dcc13e7841e3f6f7aca3bde587be49ec,8.97846701,0,49.16656681,0,58.14503381,0.08954564103855119,9000.0,9058.234579454931
655,0xf8c9e7a598a31ac202409ad4698296c34a380fb8,37.99448315,0,125.10446508,0,163.09894822,89.22792856718078,5400.0,5652.326876789142
656,0x0ae5caeb20c1cdedcdd54963f665acdfe1e92bbe,365.70278111,36.57027811,0,0,402.27305922,471.28307303199193,0.0,873.5561322476019
657,0x505e802c67595ea8ded86ed7fe7b8cdcc28bb628,169.55066563,0,720.75154789,0,890.30221352,19.362065168611668,6600.0,7509.664278684698
658,0x41baa504d3495a5a14b268cae5538e20db7df058,79.30723616,0,355.15994756,0,434.46718371,0.6973314956150131,3600.0,4035.1645152102624
659,0x231cdc2ccabaee5e8b1b1f947c2e30a37e724fb3,21.70160229,35.0570155,103.08207602,0,159.84069382,10.268495260485443,7800.0,7970.109189081617
660,0x7afd13e942ab5b33428681de94dd97bce74b37ad,36.78630977,10.40727158,40.37184359,0,87.56542494,169.92018569128734,1800.0,2057.4856106331526
661,0xb9e3e533ae99786fb983e5bcf2a1b16fbce4d7ff,164.30285602,0,737.44225381,0,901.74510983,0.1095512027700866,7200.0,8101.854661035995
662,0x9fd030055c0359d854ff46db547e6841429ae81a,158.61399693,0,355.15883539,0,513.77283231,0.06921305701282078,3600.0,4113.8420453717445
663,0x71ead5507591aed818d87ee81aec59f9d86da082,158.61348986,0,355.15764907,0,513.77113892,0.053328913574770834,3600.0,4113.824467835755
664,0x41cadd8a8fd192618a72b2cd8a2e5da996e74573,169.54980973,0,720.74323102,0,890.29304074,0.674819119484568,6600.0,7490.9678598626815
665,0xb42b1532fa9c3886c58ca730cfe0a9d6a4c13c2a,158.61504277,0,355.16128217,0,513.77632494,0.8756239075282538,3600.0,4114.651948844395
666,0x45d8892cce75c1f2aedbccb3156d704d04ceaf35,169.54911232,0,589.69346273,0,759.24257505,0.39817665181734374,5400.0,6159.640751699523
667,0xaf4ecd4eed115b0e7f80b4ef693d68b3cfc53c5a,8.97881562,0,49.1684768,0,58.14729242,0.7727331793263162,9000.0,9058.920025599651
668,0xb21853b26f268e93a85062a84bf637c447830132,79.30021636,0,1183.73902229,0,1263.03923864,96.02808849966019,12000.0,13359.067327141114
669,0x3ab0350a40ae129f5a8b88e445be2d9b80b09427,365.70278111,0,0,0,365.70278111,442.85600860706995,0.0,808.55878971217
670,0x39447ec0f32ebef476a38126e9d4ad8f4481c6a1,164.30231712,0,737.43970629,0,901.74202341,0.3044577466707704,7200.0,8102.046481153564
671,0xbf13a3809ba80e163ca260199b27b36dd3fd5534,102.40594075,0,0,0,102.40594075,454.1097222616698,0.0,556.5156630088197
672,0x46e3fd7b1865036cdf9f23c56a3b9c0fb6132e67,169.54847832,0,786.25122987,0,955.79970818,0.49463881242056773,7200.0,8156.294346996605
673,0x3e7aa24def02941294981f82f8ea36e2ed116523,8.97919592,0,49.17056043,0,58.14975635,0.7211044549860016,9000.0,9058.8708608096
674,0xed8d3a1c452204f411062c021dae452f8d0f5d9a,114.83045197,0,0,0,114.83045197,441.6860822651532,0.0,556.5165342347532
675,0x1cdccfc646ae033b967a25f61825310940e9d9f5,79.30221296,0,177.56822204,0,256.870435,0.8088555903860191,1800.0,2057.6792905917746
676,0x035ede50f6fb33cd55438a6565ec46a147110403,114.81380771,0,0,0,114.81380771,441.93730133666423,0.0,556.7511090475142
677,0x173d339c7366f069e3db7e9ee31c0dacebeef30d,169.54743221,0,589.68010603,0,759.22753824,0.4795814661170518,5400.0,6159.707119706281
678,0x2bd9155da15fd6f2382091db50d7543c59fbdbe0,158.60388715,0,177.56759192,0,336.17147907,0.09947791695787223,1800.0,2136.2709569852436
679,0x92e381ad25ad2c528a48f068aa2d107b5c935a65,8.97960792,0,49.17281769,0,58.15242562,0.3766611335197578,9000.0,9058.52908675028
680,0xd2cb5877541dc6eebcfa0ab057e43b0b9f116ae4,158.60344346,0,177.56707299,0,336.17051645,0.6806059022793135,1800.0,2136.8511223545693
681,0x73b99e3ae362b9bb2912199a668e590742817fda,158.60299977,0,118.37770271,0,276.98070248,0.36847128512825283,1200.0,1477.349173766324
682,0x08e5bc292c133b74f6cc1795a9d5457c63525e58,36.78681677,11.753162,67.28733603,0,115.8273148,161.48207801823463,3000.0,3277.3093928212857
683,0xc3c1769734e69f714e878976893d37899bd27acb,334.73166488,485.68076732,0,0,820.4124322,0.6589835823301037,0.0,821.0714157852668
684,0x603b63bd19049604325436e76b7f5f8afa424aef,59.24469985,0,2068.59909012,0,2127.84378998,18,114600.0,116745.84378997695
685,0x0ae2d0642ddf63308376ab5daaf4a8e724641533,158.6024927,0,118.37730734,0,276.97980003,0.9147676092547453,1200.0,1477.8945676442058
686,0xf9166f75cd020190ee02659489ee5ca0602f597f,158.60201732,0,118.37693668,0,276.97895399,0.8828546618948643,1200.0,1477.8618086534914
687,0x0aad6a4756424048eb00171e934ff7abab8238e1,164.30165141,0,737.43655935,0,901.73821076,0.3430051196697939,7200.0,8102.08121588227
688,0x947716dd597f33720e53950c4a5d1150e9bacb04,162.87425481,0,304.45916553,0,467.33342034,15.798144671671125,3000.0,3483.1315650067745
689,0x38c438a0d151cb21a8a25253020cfa83c784dd8f,158.60154193,0,118.37656601,0,276.97810795,0.8173050035680874,1200.0,1477.7954129518102
690,0xe63b63f4ada2d4ed0d021c6aedbe3df8b1674a67,99.43741768,0,731.51201804,0,830.94943572,0.4822609971982179,12000.0,12831.431696717204
691,0xa313e491c6a4fbd0e53419a2da442373bb9de588,30.84361016,0,33.83403463,0,64.67764479,0,1800.0,1864.6776447859572
692,0xddb8966873f1ef74f0a26258b8ed9f27952194ab,36.78586615,0,80.74271064,0,117.52857679,143.91507425746124,3600.0,3861.4436510486503
693,0xf586ba07c1a6313cf44c8682a9c58dcdf550e45b,99.43805149,0,731.51672803,0,830.95477952,0.5182588515101701,12000.0,12831.473038375863
694,0xe33425a42e5c526ce791d07a2d21b05ece990d79,162.87381101,0,304.45829415,0,467.33210516,15.869761230674511,3000.0,3483.2018663886947
695,0x3fad7695be2d781a52adee50aa0d80b068164a80,158.6129194,0,355.15631446,0,513.76923386,0.9904572643916377,3600.0,4114.759691119953
696,0x719921a5f7852c52498ac0bd80e2dbd2c8ae1025,164.30038341,0,737.43056518,0,901.73094858,0.1584289426075854,7200.0,8101.889377525604
697,0xa11fd07ff50a62046f6619eaa2468f2887e09135,30.84310316,0,33.83347708,0,64.67658023,4.935754473046924,1800.0,1869.612334707038
698,0x87ce902835146e9105ce74f32e430fee23c663dc,99.43890713,0,731.52308653,0,830.96199366,0.5092893776787586,12000.0,12831.471283037901
699,0x16625a0c7b726b3889f5e2e54b40298debe92bae,669.45597041,0,3517.88101366,0,4187.33698408,18.943403738176144,4800.0,9006.280387815143
700,0xae35a6da405f126a0690beea280932ce7983bc57,365.70278111,0,0,0,365.70278111,428.4391345727199,0.0,794.14191567782
701,0x2b99703db94366b5649aba7a691d7bd4dbc09f08,75.34309242,0,27.65149341,0,102.99458582,80.1047902908445,600.0,783.0993761150082
702,0x85f799daa4e74df5316b58d5b44d98801c7ecc00,36.74353192,83.2483808,26.88317342,0,146.87508613,0.000553824279348936,1200.0,1346.8756399582667
703,0x100840c04d39fe1ea27822833fb85334a1031dc1,2.06020834,0,10.52414218,0,12.58435052,0.5159933655820104,8400.0,8413.100343888515
704,0xf250063a24481eed6b2bb78d83da07f6fcb7b225,30.84443403,0,33.83494066,0,64.67937468,9.902586558229832,1800.0,1874.581961241132
705,0x78a31835c0c866dd1822c77b0cac73abe8c27ef1,2.06100065,0,10.52819021,0,12.58919086,0.08529277967352292,8400.0,8412.674483635878
706,0xba671e9aca0283522858b6173dc35dcc1f9ed7b7,365.70278111,0,0,0,365.70278111,428.4391345727199,0.0,794.14191567782
707,0x8365d9d7e0fd3f773d37e5b21d8447bff1507d57,84.55834495,14.96996669,65.13998016,0,164.6682918,0.277835384650697,600.0,764.9461271849118
708,0x5780fe342a089086faa20b519e1420e52fb7b5ad,154.20762242,0,402.32901105,0,556.53663348,54.512082069030406,4200.0,4811.04871554405
709,0x61b7186e41e206dcbeadf691a477eaf06abb63ae,2.06287048,0,10.53774356,0,12.60061404,0.28908640000921604,8400.0,8412.889700442734
710,0xff3aff90c0df6804b3dee484b3fc0d6d5049f5f3,99.43950925,0,731.52756102,0,830.96707027,0.8646591441922682,12000.0,12831.831729418545
711,0x303d2e07f81a8aee4937fa775abc498bcd891adf,2.06375786,0,10.54227736,0,12.60603522,0.15720718131443276,8400.0,8412.763242397303
712,0x480a84f9dd08860610d40967aca3f4fdd19bf4a9,84.55910575,0,65.141322,0,149.70042775,134.69757448748226,600.0,884.3980022417508
713,0xb2a93faaf01842c7c6eadeb527761afe509789d0,154.20873165,0,574.76523534,0,728.97396699,274.60037030652006,6000.0,7003.574337295417
714,0xe31990b423bedb88df759c9fb79963cfba95420b,164.2989569,0,737.42382173,0,901.72277863,0.7602281418474884,7200.0,8102.483006772789
715,0xfb65c6113c76ac6289b3d8719b75f3956f00e362,2.06778276,0,9.80835268,0,11.87613544,0.07080432861567663,7800.0,7811.946939769595
716,0x32ec66f0ad522735e24b6fa7e463710341dc13ca,243.71804842,0,109.80830831,0,353.52635673,1098.5223430525941,600.0,2052.048699780438
717,0x3b52c928b7c38e6c9c88f7e3061803b092109944,243.71348314,0,109.80575586,0,353.519239,1098.686652121871,600.0,2052.2058911211952
718,0xdd1b46ba64d3a39f64b6443332b6c022e124ad17,6.63905126,0,31.50370057,0,38.14275183,0.47653305264475015,7800.0,7838.619284878321
719,0x4a51e81fd67a28648819e431ce9abd8ad1daafe5,162.8733672,0,243.56593822,0,406.43930543,30.648727497345437,2400.0,2837.0880329227352
720,0x6ddab876f11e970ca53282b3392a3b0a6e14fca1,243.71183456,0,109.80483415,0,353.51666871,1098.730835205205,600.0,2052.2475039136752
721,0x0a579359815148f0c6c329b17bbc2b82bb3d254c,243.70752291,0,109.8024235,0,353.50994641,1098.618064897642,600.0,2052.1280113069556
722,0x932f8db39d5b95cea98a2c69a88feb43c8610d44,6.63822727,0,31.49978884,0,38.13801611,0.0804998576534836,7800.0,7838.218515965724
723,0x64d3f851fbc3bfc20d39c0791b124243a1d04648,243.70321125,0,109.80001286,0,353.50322411,1098.3993102134118,600.0,2051.9025343235685
724,0x919680462847dafe6895efb228cb4878c90dea32,243.69877278,0,109.79753131,0,353.4963041,1098.9551342757898,600.0,2052.4514383721084
725,0xc684eb13e32f8db4ebf4921cabb40e93c379519e,6.6373082,0,31.49542577,0,38.13273396,0.6379894026979623,7800.0,7838.770723364208
726,0xdc9689e87b1cfbfb75f1f51d053ce9d33111f5e8,243.69306618,0,109.79434076,0,353.48740694,1098.699078747249,600.0,2052.186485682919
727,0x6ff55f9530029f465d2c5dc1f3da0d691e553775,6.63635743,0,31.49091224,0,38.12726967,0.81218837738544,7800.0,7838.93945804935
728,0x0ec9647cd59689de81cfe7490d07c93a7fdef148,243.68495012,0,109.78980307,0,353.4747532,1099.2406967034335,600.0,2052.715449899514
729,0x0cac5a3a278d0fd4b0337d142ef075fec0ed01db,36.74023644,7.70590095,53.76065032,0,98.20678771,155.69291476307313,2400.0,2653.8997024701416
730,0xea13b07dc12ab235b8b93cf4aac09b34ecb1a974,3.15891007,8.03642234,18.44568897,0,29.64102138,0.9467875035067443,4800.0,4830.587808881295
731,0x602b07afe1c413ab5a0812ec1ac80260488d6ca1,121.83112526,0,0,0,121.83112526,434.77561765372343,0.0,556.6067429156234
732,0x019da7099edbe1e084310159bdacb200af13c971,243.6600947,0,109.77590642,0,353.43600112,1098.0231779882715,600.0,2051.4591791068597
733,0x0a131fd53a7af513797b4d1e8c5b3a13216392fa,162.8729868,0,304.45667589,0,467.32966269,40.96692221982823,3000.0,3508.2965849061234
734,0x5408d7be97827d721e8443dae2d37589aaee5110,166.47244941,0,440.05804494,0,606.53049435,31.37206427859292,4200.0,4837.902558625111
735,0x3da5ea4f07ffe34cbd14642a77e044461085c916,6.31614045,0,20.74901754,0,27.065158,196.57585110196533,5400.0,5623.641009098363
736,0xf9fd6c25dfcab46ef76695850cf748ee241a46a3,6.31563338,0,18.44208983,0,24.75772321,117.97638131123047,4800.0,4942.734104524859
737,0xb5b411b2c48048605848eee2b72db898627b176f,3.15754731,0,25.35570941,0,28.51325672,0.36452871386507535,6600.0,6628.87778543275
738,0x906d8145c2973dba1be934e7473c69525a3a2224,0,0,0,0,0,0,0.0,0
739,0xd00e536dbfd249863f10582bf341d345f941baba,128.519052,55.6604293,475.64836649,0,659.82784778,40.94700506867772,6000.0,6700.774852850984
740,0xedfd2cad6f7c7b0c7dd8dd324e53a43c4ec75b13,229.63015169,0,1328.99172004,0,1558.62187173,7342.086770562155,7800.0,16700.708642289526
741,0x9da6f1733d763906ad34bdb1473ae2f5e950a164,36.73912738,0,40.31795926,0,77.05708664,0.44989171336398215,1800.0,1877.5069783564038
742,0x99744d27dd0e77e9f557c5d96f9f180040d2187a,15.42121886,0,22.55516352,0,37.97638239,5.868564826314992,1200.0,1243.8449472117886
743,0x57b83b310784e21f83e65ee24d744af395967db4,162.8726064,0,365.34711479,0,528.21972119,98.93378626487906,3600.0,4227.153507455182
744,0x8f54a113d200e69d2a914337e1921c782509bb7a,204.80978907,0,89.31471599,0,294.12450506,1195.1502065141235,600.0,2089.274711573058
745,0x9a040e206c94d61c5277dced0704e729b6a73550,6.6569256,0,31.58855486,0,38.24548047,0.09366825878514658,7800.0,7838.339148727913
746,0x98283162d1143d5834fb127882ca0c2aa6abd65c,162.8721626,0,365.34606914,0,528.21823174,59.201489700717495,3600.0,4187.419721439081
747,0x71dc25f62781ae479a00f0abfbc00b199a83d66d,113.38706185,0,0,0,113.38706185,443.2734500186566,0.0,556.6605118694566
748,0x3af423049d0704b924eae356a59b79f2bc6cd8e8,102.50685251,0,0,0,102.50685251,454.1530334957654,0.0,556.6598860059654
749,0xc4738f2ed6925b36c735ff348c8e495ebc61fcdd,112.14045443,0,0,0,112.14045443,444.52267109491834,0.0,556.6631255203683
750,0xaac05f4169603d3901893827b60ee56d043ad754,162.87171879,0,487.12669799,0,649.99841678,59.43248986174402,4800.0,5509.430906646043
751,0x88a59fe554a09c5e84fe34fcc692271be3571e10,205.04686672,0,89.43495309,0,294.48181982,1194.0556712497817,600.0,2088.5374910691394
752,0x376382d383e57248c74b56983eee3cd2851bdc68,102.5096424,0,0,0,102.5096424,454.1509997702585,0.0,556.6606421752585
753,0x61ca3494b2a1790b5ab22ac8e2be67779d42a467,260.85408954,190.57671444,238.8622606,0,690.29306458,484.76306421164765,1200.0,2375.0561287921773
754,0x972557ed25660876d2fe5ef490158743a6f330fb,6.65473885,0,31.57817375,0,38.2329126,0.3223516690129174,7800.0,7838.555264272187
755,0xe1750fdd0f37c62f46bcc56cc5825bd643f7b619,98.2197736,0,469.60196675,0,567.82174035,0.6689504680265962,7800.0,8368.490690818026
756,0xf126fcce608b05f1c36bd78de4dbb79c2c8d44ad,6.65755945,0,31.59156388,0,38.24912333,0.3714446290433336,7800.0,7838.620567957869
757,0x89f1b246c291921e00239068a405291d57769df8,164.31819892,0,798.97434856,0,963.29254748,0.3196821701190964,7800.0,8763.61222965053
758,0x163a6577dcbf3d2ed7a3662e9034e40a40df1e87,102.51021307,0,0,0,102.51021307,454.1491650501326,0.0,556.6593781154326
759,0x487cae9dad76173c174835539a3a0d734543adc3,6.65622838,0,31.58524494,0,38.24147332,0.1986358795610259,7800.0,7838.440109203023
760,0x0797742a0fa4b35bed7ed1a6302a37e2876d079d,102.51110076,0,0,0,102.51110076,454.1215501017908,0.0,556.6326508608907
761,0xc16c2d5dcd534b502332a321cdea5da0ad3f6340,162.87137009,0,487.12560255,0,649.99697264,43.291019181687275,4800.0,5493.28799182183
762,0x84e1b9156dace39960ef15ab978afc8614dd8a54,102.51252741,0,0,0,102.51252741,454.24977675569335,0.0,556.7623041655434
763,0x870fc77a2042508e035d37e110a100f998c76f52,99.44007968,0,731.53180002,0,830.9718797,0.7361790057354766,12000.0,12831.708058704002
764,0xa976678900a537def145c3622866afb2efb7a1fd,29.61876926,0,54.14524669,0,83.76401596,3,3000.0,3086.7640159550706
765,0x7e1460d3c0dd823d9280fa7816522bc4f260ab54,128.52003446,155.2133565,428.08859823,0,711.82198919,1.2969948454199294,5400.0,6113.118984031732
766,0x0b5d48bfe4c0efaf4f8483dd7e8dabf45eca52db,164.31727961,0,798.96964064,0,963.28692025,0.8347739078389106,7800.0,8764.121694160167
767,0x9144c7f6cb67c495c3cd072052507ec368268ea2,13.43951096,20.15926645,225.97909942,0,259.57787684,104.25213297483982,13800.0,14163.830009810366
768,0x6791159a1944752f479519c5f730c2ae75d4f1a9,98.21872781,0,469.58773408,0,567.80646189,20.23890804555785,7800.0,8388.045369933876
769,0x3a20264b0f4b6e0ef1f1f9f7ed575672152ed5a7,29.61826226,0,54.14431757,0,83.76257983,2,3000.0,3085.7625798328704
770,0x1393756a35b74d0da03f4176b61c3f01b5aba97d,364.14132119,0,918.42992608,0,1282.57124728,400.0945313786502,3000.0,4682.665778657048
771,0x89f3c90ef0c05a61ef830faaf789d0e02ccefce4,164.31667731,0,798.96655614,0,963.28323345,0.8438597605652813,7800.0,8764.127093208288
772,0xb0ba293d265e4a65a6d6db575ff716c297cf859a,43.48798043,0,0,0,43.48798043,0,0.0,43.4879804253
773,0xd1e0918912081a4d5d0fbacd202ddcf5c5f009fe,43.48577805,0,0,0,43.48577805,0,0.0,43.48577804675
774,0x193108084cf06647cc0ddb17e2a09cb3ea72b24d,364.13637547,0,918.41323073,0,1282.5496062,384.22716432015756,3000.0,4666.776770523495
775,0x7d9b33750660c562b73069acdefd7bf74915015e,46.29734793,0,118.64116506,0,164.93851299,142.66353559098593,4200.0,4507.6020485820045
776,0x6f44e5ce8410c41dc7e396bcc6bedce63b44509e,43.48466894,0,0,0,43.48466894,0,0.0,43.48466893525
777,0x077428336b61d0eafebdcb26aaf84da739e7329b,364.13307832,0,918.40210071,0,1282.53517903,393.40301519031965,3000.0,4675.938194219719
778,0x9ac7055cecf8111a80c74e12384967a58e10fb3e,6.65537269,0,31.58118277,0,38.23655546,0.947434098728434,7800.0,7839.183989561599
779,0x34ed2e38be2e8c7b1b8f1c229a181408f5646437,205.02809834,0,89.42543125,0,294.45352959,1194.63813700832,600.0,2089.0916665986156
780,0xf86b64618c95f47d3818e5543b5fc79bd7bc3b36,43.48389256,0,0,0,43.48389256,0,0.0,43.4838925572
781,0x8c90db2bfefc3ea828c245fd95053efb3b66f2a2,102.51484175,0,0,0,102.51484175,454.13823720726685,0.0,556.6530789616669
782,0x4d75bb983c12e8dbafdc40786db9650fa867b311,205.03114186,0,89.42697514,0,294.458117,1193.9825297291557,600.0,2088.440646731303
783,0x9831f8338393e0ea7fa8741f86c2246695b3d768,364.12965436,0,918.39054287,0,1282.52019723,386.6510677307949,3000.0,4669.171264958824
784,0xf250b057652ca606be8950278b9e7cbdcdfe8723,102.5161733,0,0,0,102.5161733,454.14003449746946,0.0,556.6562077925695
785,0xffabe1825c51a7217291fa83068b211bcaba2b3f,102.51674396,0,0,0,102.51674396,454.14022492436976,0.0,556.6569688797698
786,0x4e5cc823a2c98ad3db295daad19ec410d608516d,365.70278111,0,0,0,365.70278111,428.4391345727199,0.0,794.14191567782
787,0x5317c5a3d64a7bbdb1a18814ecd1c42798b61cc4,205.03475604,0,89.42880851,0,294.46356455,1193.9342937042425,600.0,2088.397858257963
788,0x765d0915175e4480d41e7b07d98e4d875e141806,301.46960421,183.92717605,617.36299104,0,1102.7597713,822.1712626910725,6600.0,8524.93103398866
789,0x4a2e05944ac75bdbd98fe8c10ccacc8d77ef1612,102.51791698,0,0,0,102.51791698,454.1436640092308,0.0,556.6615809885808
790,0x1a884f88ffe413ec9faa72187b550cb5c59c83da,364.12673765,0,918.38069762,0,1282.50743527,386.66334041111685,3000.0,4669.170775679422
791,0xabb7b9f163570478c76696ee6587d843496d13b8,102.51855105,0,0,0,102.51855105,454.14394720155315,0.0,556.6624982479032
792,0x876d4f57f34d32a8924467f51f55550cff0e4da5,43.48335385,0,0,0,43.48335385,0,0.0,43.4833538459
793,0xb288f6bd25a0d7d429e5c37a07ad53d8f01a76cc,205.03887748,0,89.43089925,0,294.46977673,1194.2214304304405,600.0,2088.6912071639745
794,0x4dee2849424221a3d6c53340c073230ebf85355b,8.9800833,0,49.17542223,0,58.15550553,0.943968627620624,9000.0,9059.099474162243
795,0x52117ced2dd9be2a0030efd0596eafe58a09be0d,364.12369413,0,918.37042461,0,1282.49411874,387.10583824540544,3000.0,4669.5999569893465
796,0x9ee033ba1fe50b7390923a6f15eb635229f12e18,43.48275176,0,0,0,43.48275176,0,0.0,43.4827517568
797,0xd397578a5bf6c0f0f884955e4c1757aeaac0120e,102.50574289,0,0,0,102.50574289,453.70527322941973,0.0,556.2110161223698
798,0x01c9c82ccec530088c72f4c756f9e9b230705479,0,0,0,0,0,0,0.0,0
799,0x24d42c2cd4f37528186507f41e92f4315a5b0f32,96.70550644,0,1386.87564925,0,1483.58115568,1226.6190146097993,23400.0,26110.200170292002
800,0x84f1933dbd8c4bf9acc1f1b55cfeff09dbe947f2,36.63302173,0,0,0,36.63302173,0.980411728144355,0.0,37.61343346099435
801,0x2f7268cddddf9663f43de2d33b1a9ff8b31f969f,43.4821972,0,0,0,43.4821972,0,0.0,43.48219720105
802,0x68fcce43caf78aa62809fa41480a050f2b539184,8.98065376,0,49.17854767,0,58.15920144,0.6630833894410988,9000.0,9058.822284825499
803,0x5ca6439393f32331e9bb3dd11f631c2c12a62b51,364.12103105,0,918.36143599,0,1282.48246704,397.69040317641736,3000.0,4680.172870220658
804,0x8ab2d053aa873e03c2ef10adb889bd0d2db1f2ac,36.63352876,0,0,0,36.63352876,0.875736803211579,0.0,37.50926555846158
805,0xa33cb4089021161b33279ec04663cadfe604331b,43.48165849,0,0,0,43.48165849,0,0.0,43.48165848975
806,0xf4b8eb8b68c160df20282b306e1a210c1fd00e18,96.70487263,0,213.36407376,0,310.06894638,277.94139995991617,3600.0,4188.01034634324
807,0x5d901e4075f75b0793c29a29b16241e320dd25a7,36.63389318,0,0,0,36.63389318,0.433849196854121,0.0,37.06774237445412
808,0x6e3cb656455fc38b302cd5d351537138791d4e9d,43.48099302,0,0,0,43.48099302,0,0.0,43.48099302285
809,0x1103bfcac07a00dbef6d0ecbcb8346cf67218a6e,8.98106576,0,49.18080494,0,58.1618707,0.7941168158564108,9000.0,9058.955987514062
810,0x6836c03d963b830bb45b3ff920f3ee93f04c45be,173.55484469,0,138.14483282,0,311.69967752,0.0006240892509712,1200.0,1511.7003016074038
811,0x5c2d1c2edde95f36d32705ad6e0fdb06d5acb24c,36.63427344,0,0,0,36.63427344,0.7014464460074139,0.0,37.33571989040742
812,0x703120ecf723eeca792a8483eb8f29426a1634d5,39.8639071,0,14.5866554,0,54.4505625,0.7490137366894623,600.0,655.199576233283
813,0xc3dcd435962081819a1ea1b6f9d7a1bfedaff00b,39.86359022,0,14.58653909,0,54.45012931,0.7494628952155652,600.0,655.1995922076958
814,0x76c87c89afaa832858ee6a809f3071a0c5c367e5,8.98157283,0,49.18358311,0,58.16515594,0.34663987126655815,9000.0,9058.511795815191
815,0xf6a9bab50c5ac1c6351856d144f278315bf95beb,36.63471709,0,0,0,36.63471709,0.58177541240078,0.0,37.21649250140078
816,0xeae644b39a2ab27eeeb2fbf0aa8cbb0891cf54e9,102.1110184,169.15765989,525.97066461,0,797.23934291,0.6867183377796056,8400.0,9197.92606124413
817,0xf79ab0550934a6ff2ffedcd58e483d079d3fd96a,39.8631466,0,14.58637625,0,54.44952285,0.7445640657372852,600.0,655.1940869204591
818,0x7ee90ae11002188483514371abf02bda7eea359b,173.55449599,0,138.14421219,0,311.69870818,0.466289195916222,1200.0,1512.1649973726073
819,0x6da0d5afea923ead38ffdf474ec1c7bc1d6a3406,39.86267129,0,14.58620179,0,54.44887308,0.7359508627796675,600.0,655.1848239413316
820,0x01e9bfaa443e199aab3a107f3c523591c87e515d,39.86241779,0,14.58610874,0,54.44852653,0.7282737260006158,600.0,655.1768002572619
821,0xc7c532c804e8d39c423e22723b2a3429603db1e2,364.11798753,0,918.35116358,0,1282.46915111,396.7635975998301,3000.0,4679.232748710164
822,0x0173ad8644c77646e95732d7251853db2e15ce28,173.55395709,0,138.14325302,0,311.6972101,0.7641544809555557,1200.0,1512.4613645844784
823,0x1965bb0afc4e1942a573d423c3f5bbdf0e4a5240,39.86168899,0,14.58584122,0,54.44753021,0.8343008107184742,600.0,655.2818310185194
824,0x10ad48f60dfd191e6535bc73dda9bd94fbc22da6,36.63514489,0,0,0,36.63514489,0.915565954172251,0.0,37.55071084332225
825,0x804051745df0c3bb4ffa3c2a26c67552f012e648,173.22411651,0,137.55642365,0,310.78054015,0.7114407938206694,1200.0,1511.4919809463584
826,0x089c1c3575489f4acb84bd35c0d7547efd8da8e3,8.98204821,0,49.18618765,0,58.16823586,0.15092376655851378,9000.0,9058.319159628347
827,0xd34e318d577df9f5680674511e18144efe91db36,52.05872247,357.65182902,76.27121409,0,485.98176559,0.006799177750422388,2400.0,2885.98856476929
828,0x171f29978d9b72ef0b61933ca423168c4ccee961,36.63550931,0,0,0,36.63550931,0.433131332046251,0.0,37.06864064354625
829,0xcf348a89732165d6bf2374ba5908c9fd2016a400,102.11339519,0,525.97895876,0,628.09235395,0.3711951400096667,8400.0,9028.463549094431
830,0x077a33b24e10d57845e2fc97ce980b1711b31cdb,0,0,538.31818626,0,538.31818626,34.58510307705615,4200.0,4772.903289340927
831,0xfafdc658b8a1a74275849bb5bbd21a5c6d786063,8.98246021,0,49.18844491,0,58.17090512,0.9818688378539604,9000.0,9059.152773961789
832,0xe3311c4ed78c4c646aa71b00836fd44044c59f45,0.08981541,0.39066656,1.23628266,0,1.71676463,0.3947180237154728,22800.0,22802.111482654684
833,0x70086bcd7591ceaa64fb2666eb0cc6306695f8f4,52.05669438,0,381.34114742,0,433.3978418,0.9003716407389818,12000.0,12434.298213444958
834,0xccfcd5d31ef04b8ac78eedfede35bc7bc11c2328,36.63592127,0,0,0,36.63592127,0.784918689685834,0.0,37.42083995688583
835,0x97294ac79a13cb7a56eb14ca8614dd5364c43710,8.9829039,0,49.19087581,0,58.17377971,0.08634554320129718,9000.0,9058.26012525714
836,0xe764b9435a523dca84ecb36632f26af849abbcf9,173.2231021,0,137.55461979,0,310.77772189,0.5612659883952074,1200.0,1511.3389878785579
837,0x93b3433d50373300e8d7d25d3e36d33d20319368,0.09076617,0,1.22524085,0,1.31600702,16.08577073464328,22200.0,22217.401777754538
838,0xb7b55b21c1e70912b81610132bb0abecf11f5a2f,182.28466767,0,692.12724566,0,874.41191333,0.03661364164541133,5400.0,6274.4485269754
839,0x26c83adabc9f1638339f9dc54fac49ccfe4dbb61,8.98337928,0,49.19348035,0,58.17685963,0.36673266852573777,9000.0,9058.543592300328
840,0xdf265dd8efcefd16804b9bce984307fa6afa773f,173.22180239,0,137.55230863,0,310.77411102,0.297689579491914,1200.0,1511.0718006014913
841,0xc16b5cbd13a6b8004b0af571208ac972fd95b2f0,173.22088309,0,68.77533697,0,241.99622006,0.4020024219136142,600.0,842.3982224822236
842,0x3846ad95706c0f241de34f8bcb586a576df41e76,0.09174863,0,1.23850303,0,1.33025166,0.16297563969597822,22200.0,22201.493227303326
843,0x8a97b7b0cd5f5d4abdf6692f821cd25284c8f6cf,173.21958338,0,68.77418144,0,241.99376482,0.35207779317744475,600.0,842.345842610516
844,0xaba959352ec5865b9ca63a22e1c09192af02b125,0.09269939,0,1.25133741,0,1.3440368,0.7500801757046416,22200.0,22202.094116978435
845,0x4acad51019c434124b130f8893806cf2d21f62cb,8.98385466,0,49.19608489,0,58.17993955,0.8786595762861478,9000.0,9059.05859912595
846,0x622032223c47ac714601052873e06eea5462bb6c,36.63649167,0,0,0,36.63649167,0.985108967886242,0.0,37.62160063528624
847,0xafedbd2b0a4a1d1e1b846147297b8c4a4a7167c6,52.04801163,0,457.52807012,0,509.57608175,0.9915828204821574,14400.0,14910.567664570635
848,0x58f2522b97b5195e9c1bd3aee4e09d7394df9f7d,36.63677687,0,0,0,36.63677687,0.568451988156544,0.0,37.20522885565654
849,0xaa5339066c0a735542518fe3b35e3fc7bb0d40d2,36.6372522,0,0,0,36.6372522,0.7246173447741041,0.0,37.361869545774105
850,0x18dc610103e8c09a15e59abd4b03a87fb359b447,8.98433004,0,49.19868942,0,58.18301947,0.9042106193785892,9000.0,9059.087230086905
851,0x8bc811e94cbbe02c488b7f3aced6f90897a95606,36.63788598,0,0,0,36.63788598,0.9977017440345021,0.0,37.635587723034504
852,0x1156cc2242cc6a375d38a9331120a2d3100a84e7,1.11152118,15.43214818,0,0,16.54366936,0.4596645221396258,0.0,17.00333388078018
853,0x9482da3ef6a41983078735a1b17bed7fc1cd4f46,39.86127705,0,14.58569002,0,54.44696707,0.6385359922318689,600.0,655.0855030606856
854,0xaa5e3670dd0ea8eebddbe983fd6ea80dcd693474,39.86067499,0,14.58546903,0,54.44614402,0.5606746159056253,600.0,655.0068186345442
855,0xa1002b1a3fe344b8fae4146c2ce113684e3e5369,39.85981944,0,14.58515499,0,54.44497442,0.39786045505887835,600.0,654.8428348765917
856,0x692729ec796182ce079424ff43284b246c67789d,2.73544023,0,13.97426911,0,16.70970934,0.48560471984812065,8400.0,8417.19531406108
857,0x4d20cbd546b10e21842af10f244714754cabb3e5,3154.63452497,0,4273.0763285,0,7427.71085347,528.4761704760616,7200.0,15156.1870239425
858,0x9e0806f427dee78d0b46d2e7cdbd7eea97c48640,39.85937581,0,14.58499215,0,54.44436796,0.36763227273041343,600.0,654.8120002365047
859,0xa1da6ee0535c64ba22de9c5ad6267db1639082da,39.85886882,0,14.58480605,0,54.44367487,0.39131457809385684,600.0,654.834989447287
860,0x16a8dbc2eb560c4ed0842e5f535c6bcebbfb7568,39.85826676,0,14.58458506,0,54.44285182,0.4776576979194678,600.0,654.9205095172974
861,0xfa06f93160a539d655e28fa765d0054c9a1b746d,39.85775976,0,14.58439896,0,54.44215872,0.27679019062671956,600.0,654.7189489154235
862,0x06ca0b691baca49fc197bbdaff96c3ee664fbbe6,122.43984169,246.77500687,724.12132165,0,1093.33617021,0.8785367658973744,9600.0,10694.214706971834
863,0xcc0b0f9ef2bb4129783c5409309d183b59af6316,39.85728445,0,14.5842245,0,54.44150895,0.37796436762520536,600.0,654.8194733162521
864,0x68e5f1112a69e388c49773a1a05532318cce528c,520.07399316,859.61559393,2460.80534364,0,3840.49493073,494.0292237695669,4800.0,9134.524154503699
865,0xd6dff9135bfc58585b73eac96c002ea5beb79b6a,122.44047553,0,814.63030763,0,937.07078316,104.52833779688159,10800.0,11841.59912095839
866,0x90fc571324237abb240fb8aa433ab1880adb2f6e,243.65083732,0,109.77073063,0,353.42156795,1098.9682657598864,600.0,2052.389833706755
867,0xb02fe595c3b34d7c3b1f4693eea694023420a875,8.98480543,0,49.20129396,0,58.18609939,0.21860001658451272,9000.0,9058.404699401974
868,0x498545ef25001024b3803a1e6c2f276f882e5dc2,243.65654392,0,109.77392119,0,353.43046511,1098.9300204076972,600.0,2052.3604855152144
869,0x33f1668557d5d8507e5d6d99daf325613e00f075,519.20868736,0,920.44489064,0,1439.653578,4.809177655611019,1800.0,3244.4627556602654
870,0x4c227e8376b125bbeb79c3f7ab924d288671b1de,8.98521742,0,49.20355122,0,58.18876865,0.21589957826400716,9000.0,9058.404668225801
871,0x1d585b5d9c54e1f0e8cef8ad2fe0adc396cc9206,519.20534889,0,613.62386562,0,1132.82921451,4.528115661246674,1200.0,2337.3573301676015
872,0x55e897fe32ca224c008f156c4b4096744516b97e,243.64703292,0,109.76860359,0,353.41563651,1098.909538869058,600.0,2052.325175375494
873,0xe658c502f3292500073b7430377f826bdce91f98,8.98562942,0,49.20580849,0,58.19143791,0.05939778979837838,9000.0,9058.250835699482
874,0x0373fb759ea7cf742d49890b2937e8e2334f0183,243.64069225,0,109.76505853,0,353.40575077,1099.2300897233115,600.0,2052.6358404956936
875,0x60eaffd85291de3857c51e3e748d42ffa5f65888,243.6384096,0,109.7637823,0,353.40219191,1098.767840485442,600.0,2052.1700323935647
876,0x764b43cb2704ac65f3a8ff9b79292f971518249c,8.98613649,0,49.20858666,0,58.19472316,0.025231494217541985,9000.0,9058.219954649621
877,0xa9e0a1ff3bc61b71d3cc96f8a33a49eaa22dd055,243.63600015,0,109.76243518,0,353.39843533,1099.3329476717072,600.0,2052.731383000889
878,0x0d1887cb4a5bdda6c93ae02747836a99bba9940d,121.81698557,0,0,0,121.81698557,434.7636552942222,0.0,556.5806408620222
879,0xf9e559b1082967802e5461b6f680644044e8a232,259.59721733,0,920.40607386,0,1180.00329119,2.5523591035065207,1800.0,2982.555650290523
880,0x43ffb3f3940be272d1f128ae999542f3dfe08047,243.63118124,0,109.75974093,0,353.39092217,1099.3926935828836,600.0,2052.783615754184
881,0x188a1d3a83aef97b1f92ce3f95a2b92430690227,121.81432249,0,0,0,121.81432249,434.76096283154214,0.0,556.5752853179422
882,0xd37146261b2da901998661732e7aa3f58b7cf8a8,121.81102534,0,0,0,121.81102534,434.7635467362272,0.0,556.5745720742273
883,0x38d77d6b49fcd717a2f27a46eed26643381043b8,519.19815834,0,1534.0270253,0,2053.22518364,8.18744493726157,3000.0,5061.41262857547
884,0xa03e8c8dd19ec9bbe391ef643e39f5f7d5f405e0,2.73239779,0,5.98230899,0,8.71470678,0.7653999179820565,3600.0,3609.4801066935993
885,0xf4d99b22f9c030044a379f66b276476aa95c1c76,2.72827781,0,2.98664276,0,5.71492057,68.64595483636934,1800.0,1874.3608754077122
886,0xe5a55da53bbeb347fa7664828bb553de3c786926,102.5048552,0,0,0,102.5048552,454.19389583376983,0.0,556.6987510329199
887,0x1bdd535df07a9b6efe29bc618a0c2e8c5093ca01,259.59503448,0,613.59612269,0,873.19115717,5.883143160716907,1200.0,2079.0743003319403
888,0x8f3c566da2c230e581fdab03894af746be424b41,205.005906,0,89.41417372,0,294.42007971,1194.7290897980085,600.0,2089.149169510221
889,0xc8f1f0068c9e2eb1e32e419929337042e1cf3557,36.63880496,0,0,0,36.63880496,0.832926242128941,0.0,37.47173119922894
890,0x5882c1d0b796d2204ef530477e888d070d745b84,102.39902942,0,0,0,102.39902942,454.29805270690844,0.0,556.6970821237585
891,0x3a5902f70e4632fe0bf3e265805d16f96aaf56de,36.63923276,0,0,0,36.63923276,0.44148484427937396,0.0,37.08071760152937
892,0xc32591e9e759893955922b66353a170500cca9d9,102.39836365,0,0,0,102.39836365,454.29781988533585,0.0,556.6961835318359
893,0xabfad12ffce47b726405e68e0d86b8ebecbc8001,36.63954965,0,0,0,36.63954965,0.417399437612999,0.0,37.056949083863
894,0xa88edc6af0504ad5b980c4abb51ef061c78d6dc5,39.85649227,0,14.58393372,0,54.44042599,0.3793195476207776,600.0,654.8197455359646
895,0xc382dd261af9f8110bed60fd5740cc5eba08effa,102.39763447,0,0,0,102.39763447,454.29750685605154,0.0,556.6951413255015
896,0x770383b5783a2f790ee06d564e97c7c102322a02,205.00146753,0,89.41192221,0,294.41338974,1193.7708114435418,600.0,2088.1842011801373
897,0x3b4120ec223c879bef40ba93b5be029eee4142b0,36.63991407,0,0,0,36.63991407,0.42857583178569,0.0,37.06848990038569
898,0x24fda4e69db9d9bce30c997df8cc124bbd1eeae7,36.64026265,0,0,0,36.64026265,0.7499578305032719,0.0,37.39022047700327
899,0x3b690d25b0c76c78788de52884886d94033fe4f3,259.59124661,0,0,0,259.59124661,9.056530222619847,0.0,268.6477768278199
900,0x6edcf7ffb1a54114d8b09234361e7ebf72f4393e,36.6573905,0,0,0,36.6573905,0.955344976203863,0.0,37.61273547315386
901,0xa07b4dbb7868c93b0ea12a1e20b0660dbb07b738,283.16804859,67.98634793,396.73190803,0,747.88630455,247.6757026639641,1800.0,2795.5620072114134
902,0xd063dbe93ae1c553e789679d0d42d60593b90fd6,36.69679564,0,0,0,36.69679564,0.5593778512300029,0.0,37.25617349533
903,0x05bf1b2c6db628148f1f07bba0f865a75b4f523b,283.14788526,0,396.69543074,0,679.843316,64.77206702483545,1800.0,2544.6153830221274
904,0x9f6dd625174deac9d373fab60ffcd1b25d8c8854,36.69761956,0,0,0,36.69761956,0.6078654154899591,0.0,37.30548497098996
905,0x86f539842a62cc70000ed1f4f2aec41afb88563f,36.69828502,0,0,0,36.69828502,0.349760163740544,0.0,37.04804518614054
906,0xc80e2bedf7d877d567034cc69b8f5a8edbff9157,43.48035924,0,0,0,43.48035924,0,0.0,43.48035924485
907,0xe8b092302988e0aec6b14de043161a68f54c5a4b,36.69880789,0,0,0,36.69880789,0.040975710113398976,0.0,36.7397835993634
908,0xfddee5df5ce9560b0ce5c08a665ac1b99d6c1930,43.47989976,0,0,0,43.47989976,0,0.0,43.4798997558
909,0xc998c571cbdfef0b702a9adafe2db145b666f4ce,36.70200847,0,0,0,36.70200847,0.806103714700526,0.0,37.508112182850525
910,0xd037e14f9acfa4b402a5ca6b44317d06cf060fa6,43.47936104,0,0,0,43.47936104,0,0.0,43.4793610445
911,0x61076eda89ad6c5e96c181b802fea6caaf296ed2,36.70235705,0,0,0,36.70235705,0.456543462326475,0.0,37.15890050837647
912,0x3133612aaab52ca065ab017648bc0ac233564575,44.08997892,30.23040805,173.43856627,0,247.75895324,12.020160433868629,6600.0,6859.779113677912
913,0xd143a0a6c9f779b8d6dd6f0d59efa6778d6d2fd8,36.70340278,0,0,0,36.70340278,0.579044901667906,0.0,37.282447681417906
914,0x41ebc1b63b85dc4ca14db43bf0a2566f2c5a6240,73.40728089,0,26.9366599,0,100.34394079,0.6925357239567732,600.0,701.0364765163359
915,0xc7dd733f83d5902203bb07408759b04ad0678594,184.63254298,0,237.08254852,0,421.71509151,10.894170575645816,1800.0,2232.6092620814966
916,0x16a837d6ea5b9b06a4793f231d52b8ee5a2c4c71,36.70389396,0,0,0,36.70389396,0.632237515083749,0.0,37.33613147278375
917,0x3f44cc0e18a2518725e650ce4881b6f903775ca0,39.85608033,0,14.58378251,0,54.43986285,0.37610652000796796,600.0,654.8159693690046
918,0xc01c4b6b53404a16a4eb6bbd9c9bd3b28e1ed4c2,184.63358909,0,237.08539469,0,421.71898379,11.929467628566833,1800.0,2233.648451413927
919,0xf971d7696186550f6f71821f2b08456d23cb3a93,102.39620782,0,0,0,102.39620782,454.29560894026537,0.0,556.6918167589654
920,0x1faaf5955b3adc25ed78a9718af67340cff3aca2,39.85563671,0,14.58361968,0,54.43925639,0.37655022377810915,600.0,654.8158066150162
921,0xa5b8cea1f5213fa9b5688ddd7fabbb722a692f28,184.63390609,0,237.08625717,0,421.72016326,10.631234107349371,1800.0,2232.351397371349
922,0x61c14471fbb4aac96b7f423653c9d09a0238e52e,36.70424254,0,0,0,36.70424254,0.628972196564772,0.0,37.33321473216478
923,0x96f9e513290372ec595765ab04749dc9c052ecf5,39.85528815,0,14.58349174,0,54.43877989,0.09197003954419299,600.0,654.5307499282577
924,0x73087152da2dc5173d060519d9dec4b7b8749448,184.6342865,0,237.08729214,0,421.72157864,10.221563795887851,1800.0,2231.9431424342542
925,0x4753c65b58481395df8f2076723fdae56bc7de09,39.85452766,0,14.58321259,0,54.43774025,0.981179193714979,600.0,655.4189194405568
926,0x1f1642b817581ce2d83a2c33b0fa6016841ea052,39.85421078,0,14.58309628,0,54.43730706,0.10807680830344597,600.0,654.545383871032
927,0x97ca9bc9ba35bea90cee119aeadd4799f51980e8,36.7046228,0,0,0,36.7046228,0.622066053154245,0.0,37.326688855554245
928,0xc4eb152e448128d8614046fc72b7589e8e58dc1d,204.9965218,0,89.40941339,0,294.40593519,1193.9714388056943,600.0,2088.3773739980315
929,0xa1033c50f75ebb3e2921f437d1e0551af5650e71,184.6346035,0,237.08815462,0,421.72275812,10.992257073688961,1800.0,2232.7150151906944
930,0xfe3af0bf4fb7a3bc2d1d5d96827e0a4d2439e2e5,39.85383054,0,14.58295671,0,54.43678724,0.12302712047285441,600.0,654.5598143622656
931,0x046ab2398440f3b877dfa56fc6ff7fa5a6930763,184.6351424,0,237.08962083,0,421.72476323,10.16639042706853,1800.0,2231.8911536577607
932,0x5affdcfce1e5b6cdaa18c90e9fd8a9e44c0023d9,39.85348198,0,14.58282876,0,54.43631074,0.13462562982372195,600.0,654.5709363690919
933,0xe3d362eef2ca396def8fe4fc1ef29e2062a3a369,39.85313342,0,14.58270082,0,54.43583424,0.14496382146195477,600.0,654.5807980582056
934,0x7991a58d43a5a757829ed397bea07a6e03d2b900,102.40784295,0,0,0,102.40784295,453.62851214165664,0.0,556.0363550898066
935,0x692a879f207604461133266eb46eafa309b60bcd,36.7050506,0,0,0,36.7050506,0.627843287976223,0.0,37.33289389052623
936,0x765af236b5ed1cbd1b6a5601e211e4833e0cb67c,39.85275317,0,14.58256125,0,54.43531442,0.15773670354771158,600.0,654.5930511193554
937,0x4341cfd9bbf8c86992c0231bd2d13a94141ad193,102.39690529,0,0,0,102.39690529,454.2960597495688,0.0,556.6929650419688
938,0x57d23530b555b01bb4c24a5a85889b3df1eb7770,2.73147871,0,4.98358005,0,7.71505877,0.9594881022028854,3000.0,3008.6745468681756
939,0x7bad379c3c5940dfca0a1456dcdc8c8c0e07f169,39.85230955,0,14.58239841,0,54.43470796,0.04832606133209677,600.0,654.4830340193812
940,0xa66d90d2a41d42ce49c0e88b000f2b8407ce67bf,61.13958872,39.73181726,22.41190559,0,123.28331158,273.74516066055475,600.0,997.0284722389238
941,0x4d63895f1a52231843debfd456d2b4de1696ff38,39.85202436,0,14.58229373,0,54.43431809,0.9825091817990468,600.0,655.4168272741463
942,0x964edf8e560cf763326a37a207f37e74598d0031,36.70541502,0,0,0,36.70541502,0.86386920459874,0.0,37.56928422949874
943,0x90d66118091e26fea1e015e4e5cdf4fe30a9aa15,61.14047601,0,336.18348851,0,397.32396453,216.74495053645308,9000.0,9614.068915061915
944,0xb9854e8624e8284512486e1a2fa86c2e103c60ae,2.73093995,0,3.98607738,0,6.71701733,0.12458057711593298,2400.0,2406.8415979054375
945,0x2082039c1df0030f6b4c96086dbdc8bc02deed4e,2.73017934,0,3.9849668,0,6.71514614,0.8690141131072968,2400.0,2407.5841602497817
946,0xce3ccb131626533249e0111104a28eb46f16e7e2,36.71149929,0,0,0,36.71149929,0.009154364754371008,0.0,36.720653658454374
947,0x208085e94fdd1dc2d9293e69f79087e33ac0f504,365.70278111,0,0,0,365.70278111,428.4391345727199,0.0,794.14191567782
948,0x2a3886708a3683306a66553d261329ad1aebdcda,2.72960888,0,6.97223426,0,9.70184314,0.34082498543021394,4200.0,4210.042668124899
949,0xe9c990fd9d6bdeecbab4ad6cf48f915b58559a21,20.61010156,34.43819635,7.53006459,0,62.5783625,0.1724883379487554,600.0,662.7508508424844
950,0xec4977393fbe4a68e64ed22d38a045b76f4e92bc,2.72907012,0,3.9833472,0,6.71241732,0.8745665070841896,2400.0,2407.5869838226067
951,0x43b520a58442e7be2f4b59e7774a28f8bd478d87,73.4241077,0,26.94287259,0,100.36698029,0.06446487629583544,600.0,700.4314451626466
952,0x84e2a4ec5ad91546724f79f0e22294d82f7c4b17,204.86812324,0,89.34429352,0,294.21241675,1194.6959516130592,600.0,2088.908368366471
953,0x6d103ce731b98314611d085b0c2158474cb8c11b,102.43751728,0,0,0,102.43751728,453.4059247380803,0.0,555.8434420218302
954,0x1387af38d6a15c345a28f88c6ebe2da05fef23f0,102.43979992,0,0,0,102.43979992,454.3585984533512,0.0,556.7983983783012
955,0xc409552e12e7274152d4b522c59e76535201f517,73.42451965,0,26.94302469,0,100.36754434,13.563503060260249,600.0,713.931047402019
956,0x3a0fbcd6885d8285e1431aee8126bbfd10f88776,102.44328729,0,0,0,102.44328729,453.35365711316973,0.0,555.7969444066198
957,0xf78f69de06ef7fcc3c4544d8820ef919a696075f,99.44077687,0,731.53698101,0,830.97775788,0.7288624063885457,12000.0,12831.706620289438
958,0xa8b01712e1ce4fef1341cfec95429adfa6c6a3d0,102.44461883,0,0,0,102.44461883,453.3516928060141,0.0,555.7963116401642
959,0xaf3d8aa13fde7f288a918fe57b64553e4d96e679,204.89874867,0,89.35982342,0,294.25857209,1194.6716698970545,600.0,2088.9302419863393
960,0x64b59af6fa643197b61fbc902c007276da720506,338.4114126,0,0,0,338.4114126,0.34740111360521,0.0,338.7588137116052
961,0x7406186e136a051e34a0b41cf5bdc1f31e0608bb,102.45225934,0,0,0,102.45225934,453.44883567535317,0.0,555.9010950168531
962,0xf5503e1d59c48f55ec32e1d2d58fe212fa9ce218,102.45432006,0,0,0,102.45432006,453.4460504724699,0.0,555.9003705317199
963,0x7e4a6c4fa46ea0bebccd4276963260528a4f243c,36.71338478,0,0,0,36.71338478,0.941541966854505,0.0,37.65492675010451
964,0xb23d0376de7f03b985e7322b94f7d1406974cd3a,204.90965463,0,89.36535424,0,294.27500887,1193.9056543347535,600.0,2088.180663202327
965,0xa13557497c18e05c77facdda502a2171148249f0,0.79929061,9.13775008,1.16651924,0,11.10355993,51.698096011702724,1200.0,1262.801655938246
966,0xa8390a427fe725720789ffe574f4c733647725ad,43.4789174,0,0,0,43.4789174,0,0.0,43.4789173999
967,0xcc9968e5f1c5c8259575d299eeaa8aea9eaa275d,2.72865812,0,2.98705923,0,5.71571734,68.83085063726452,1800.0,1874.5465679817748
968,0xa8193330ec3c36b1de1068b37c699f7c4b1a12c0,102.45549308,0,0,0,102.45549308,453.67541526702007,0.0,556.1309083502201
969,0x988ce40d1ceb97c5478064bffcdadfa5f4789704,36.71363829,0,0,0,36.71363829,43.761652441261816,0.0,80.47529073571181
970,0x7e996e43787f65be9c886c26f230cff3e5b2de30,36.71561885,0,0,0,36.71561885,43.758960303206166,0.0,80.47457915390616
971,0x193b9adcc117bf23047b2de2182aaa84f832ed88,205.01693876,0,894.19770318,0,1099.21464194,435.11045581171174,6000.0,7534.3250977545495
972,0x01b3deb5bacb3403bf3052ad99b8aa8d1cfdef7e,102.46259463,0,0,0,102.46259463,453.33459931772006,0.0,555.7971939513201
973,0x564fdce689f24c388d04b0224056b1663e7ddae8,204.99417576,0,89.40822333,0,294.40239909,1193.7393611299663,600.0,2088.1417602157444
974,0x244f13fa8878837e939bc2bb04d9b78726316e1a,102.469823,0,0,0,102.469823,454.2137018958533,0.0,556.6835248932533
975,0x329258473e7e7d8b548caac9c055dec9a40a5488,15.42093368,0,22.55474536,0,37.97567903,5.868868621701218,1200.0,1243.8445476551003
976,0x6b8d48bc7bba970b4a0647f188dbbb9b419d37b2,198.88275799,0,1463.08291101,0,1661.96566899,0.5180728935924075,24000.0,25662.483741887954
977,0xbbd346dcb4f10429ea2dddc5ed79a3e28401adbe,204.99043476,0,89.40632567,0,294.39676043,1193.4454662621451,600.0,2087.8422266960433
978,0x61bca69a62bb9c060ae7d66eb613ba580449349a,408.07411486,0,428.88247432,0,836.95658918,886.7217187760272,1200.0,2923.6783079562624
979,0x348784f87f8d4f88cab25e29d7a3e29e4d750180,204.98307958,0,89.40259469,0,294.38567427,1193.6480507814072,600.0,2088.0337250522866
980,0x0e4090e49e83b8140eaf035b73658fe8d3633a33,417.99919014,0,444.26137636,0,862.2605665,857.7336132158541,1200.0,2919.994179713294
981,0x11f33c0ec4cfd7954cf9f064ba7e7bbedd5a9aac,102.47153498,0,0,0,102.47153498,479.64823156566985,0.0,582.1197665439698
982,0xbc1f5762e3dab7c31d55cc0e5925613d27c2b06b,408.07842673,0,428.88874315,0,836.96716989,882.2099465789006,1200.0,2919.177116467141
983,0xa9c81d0527ed945d9ef413356d101b910667e888,102.47388103,0,0,0,102.47388103,454.2051163819531,0.0,556.6789974081531
984,0xd9e952939af6e49486bd16c8f9aa168acdd471e4,408.0756367,0,643.32703028,0,1051.40266697,406.7822576415986,1800.0,3258.184924615448
985,0x811cba8c63af233d89aca20e0dc002d6b41e0fee,102.47480042,0,0,0,102.47480042,454.20370818831424,0.0,556.6785086116643
986,0x93b85bea6c568071239a75aa2b29414c8f0b4141,99.44191773,0,731.545459,0,830.98737673,0.7782053281048767,12000.0,12831.76558205898
987,0x50ce227bfdf46e9e44eba2dfae190b9fd7c791e8,99.44251985,0,731.54993349,0,830.99245335,0.2634691476012691,12000.0,12831.255922492608
988,0xde4477c0d10e7daaadc0aa4c95c017080bc14fd1,28.58528797,538.72024126,83.60229223,0,650.90782146,0.8903882460097338,4800.0,5451.798209702477
989,0xe654409ca6daaab043722b505322bf83fe2b4524,173.21793497,0,68.77271589,0,241.99065086,0.3453976923072716,600.0,842.3360485512403
990,0x0f02432bd3f1abf8da76de30a1aedc77496386d8,99.44299521,0,731.55346599,0,830.9964612,0.41487921782816856,12000.0,12831.411340416096
991,0xb9a8080467b10b4ae3f02de6542f0156daa85f47,99.44594242,0,731.57536746,0,831.02130989,0.6712186675721594,12000.0,12831.692528556057
992,0xce7b233092118f0c936fb7074e6cd50e56b54279,99.44651285,0,731.57960646,0,831.02611931,0.4039787912219784,12000.0,12831.430098103621
993,0xc8f25e1744b6e68ba34115270bde794e3ae6ca58,99.44711497,0,731.58408095,0,831.03119593,0.32792838417603337,12000.0,12831.359124310706
994,0x65bbe854e3e0575388870660d02e713cee4770c7,2.72786582,0,2.98619159,0,5.7140574,69.39026082172727,1800.0,1875.1043182221385
995,0x5222cbcf1658d83aa5631701f654ec4a3694c848,2.72748551,0,3.98103349,0,6.708519,80.40163888972872,2400.0,2487.1101578893204
996,0x4b1d8dc06f5f2d7bf931797ae4b377dd7037ad56,99.4476854,0,731.58831995,0,831.03600535,0.7865726610753936,12000.0,12831.822578011517
997,0x603bc19dcd67ab9603be08b56a99fe26d7ad2f52,2.72707351,0,4.97553991,0,7.70261342,0.9246159803990651,3000.0,3008.6272293989855
998,0x5967393598d9a78f81e28d66d0e56d749a2b885f,2.72656644,0,6.96446019,0,9.69102663,0.868121295663862,4200.0,4210.559147924803
999,0xebe808b75f97a994298352f3c1d47482bc0216d5,28.58459085,0,125.40037252,0,153.98496337,0.06867715523470856,7200.0,7354.053640529354
1000,0xeaac602dbdba2ffdc542af1a45352eae21c67147,99.44854105,0,146.31893569,0,245.76747673,0.5891961575921387,2400.0,2646.3566728912547
1001,0xe67ff8caf49092d81960351856e3b31f99f6a49b,176.68571495,0,143.73271258,0,320.41842753,62.74208198290966,1200.0,1583.1605095118207
1002,0x98fc6a457f2db13b43113ae5b076ad256268cb14,0,0,0,0,0,0,0.0,0
1003,0xa1b2de21239d449f622ba74f3d6f3b74ba39e076,99.44917486,0,146.31987769,0,245.76905254,0.3944374666975846,2400.0,2646.1634900092295
1004,0x3f6c2fc983a8eaeefbd59271c0015db829a7eeef,28.58408385,0,114.9482976,0,143.53238145,0.305727924454102,6600.0,6743.838109377636
1005,0x9961b470861d5cc10e3a46d3640387ffd5df6c81,28.58376698,0,135.84647839,0,164.43024537,0.37529265146452656,7800.0,7964.805538019672
1006,0x18e7a217194b7e2ae677646dbd5818d9561049ad,99.4503474,0,146.32162038,0,245.77196779,0.12562730698921998,2400.0,2645.8975950959302
1007,0xfc615f457556e276ff5eb534953b03d33678e741,28.58338673,0,156.74384627,0,185.327233,0.8723496493908167,9000.0,9186.199582650986
1008,0x364f79153627dfef736f1f5206bf923d03397ca0,28.58291142,0,125.39298668,0,153.97589811,0.6116292186390389,7200.0,7354.587527324772
1009,0x21f178a298fbfce0235b55ca49e68653ad504728,28.58243611,0,156.73862044,0,185.32105655,0.008588358816512256,9000.0,9185.329644910455
1010,0x1cf9d8294f8a209ca6c1945ad900b882987876c3,99.46099541,0,146.33744597,0,245.79844138,0.7130953484304088,2400.0,2646.5115367263807
1011,0x6172a5d98f2c160899050fed89e557b05522b352,28.58202418,0,146.28726552,0,174.8692897,0.8362988403481031,8400.0,8575.705588536324
1012,0xadde9a8ba5a8bb158915f49e6c3fe541762725a6,99.46153415,0,146.33824666,0,245.79978082,0.11190818127618243,2400.0,2645.9116889967654
1013,0xf002c3270e1c1d6b6f328773ebcd49eda577fc19,99.46210458,0,146.33909446,0,245.80119904,0.5684870870624328,2400.0,2646.3696861305343
1014,0x6b335ce81aace06b1b15a334032cd93496a33df0,28.58151718,0,177.63137797,0,206.21289516,0.2384845724432755,10200.0,10406.451379729167
1015,0xfa84d1d33103c87aca7ed09e6e25c9dfc894b12d,28.58104187,0,177.62841667,0,206.20945854,0.6852122615151229,10200.0,10406.894670804531
1016,0x6cecae6b748e68b25e01b6933870f45c890a632b,28.58056656,0,177.62545537,0,206.20602193,0.21758208393038486,10200.0,10406.423604013236
1017,0x325dc7136bbe57e52b46892c85f6cef3e245e190,28.58024969,0,146.27816096,0,174.85841065,0.6012890387271445,8400.0,8575.45969968708
1018,0x9c1ed6415c6a57972f9d6949d81376b8b870cbd4,346.43136851,0,68.77071485,0,415.20208336,0.30365749658325913,600.0,1015.5057408586163
1019,0xc9472d68eade8338a81c1c423ffe52967fa3cf37,28.57958426,0,135.82655055,0,164.40613481,0.07250187559716198,7800.0,7964.47863668482
1020,0xc8bb900f39fe9ae84dc75ad3d6041a83b91053fb,26.26172164,35.99821704,19.19831137,0,81.45825005,100.56182328781881,1200.0,1382.0200733389263
1021,0xc2ac4d6102f2440d92e78d88dba9ce5a0fd34d64,28.57863364,0,135.8220215,0,164.40065514,0.7503724778445223,7800.0,7965.151027614572
1022,0xb468f37298143a82740230be7c6a145623302860,28.57670071,0,114.91853359,0,143.4952343,439.7348600532108,6600.0,7183.230094354951
1023,0xc2be2e09061daaff853406672147bf357439e8f7,28.57616203,0,125.36330396,0,153.93946599,471.6116722187376,7200.0,7825.551138210132
1024,0xaf0447c219f20eb06d59efc82f03d5677a1ca35c,365.70278111,0,0,0,365.70278111,428.4391345727199,0.0,794.14191567782
1025,0x8839bff28b6fc1c54d9661437ba5634d37c0268e,28.57555997,0,125.36065621,0,153.93621618,471.31214795902685,7200.0,7825.24836413737
1026,0xe05306465a8a28f566b7884fa8a9fb81ba3451b4,28.5749896,0,156.69768476,0,185.27267436,567.6804083957841,9000.0,9752.953082756088
1027,0xadade20b85c9165d690cd16ad73cd42101999737,512.16685525,0,600.83751901,0,1113.00437426,69.71801179471495,1200.0,2382.7223860584163
1028,0xb2ca3a0109e64b67730460340c3fd75b69a96583,28.57270811,0,114.90243803,0,143.47514614,439.5099131359975,6600.0,7182.985059278589
1029,0x4bfd17e725418d2416f6b5dde7dbbe2618188ec6,45.91035093,0,336.14421988,0,382.05457081,1.6885129313021265,12000.0,12383.743083743457
1030,0x97b05d572979c24d1bab8830f48bc44b503ce2c0,168.31258262,0,322.15746782,0,490.47005044,22.225895697047513,3000.0,3512.695946141745
1031,0xa3a4a6a39da26d2b7d3194468548a2f360ba7863,28.57229618,0,156.68287824,0,185.25517442,567.2837901803048,9000.0,9752.538964599064
1032,0x477f058d8c4aaa89933cd80501c2106864b0059e,28.57191593,0,135.79001619,0,164.36193212,666.2361404802468,7800.0,8630.598072597999
1033,0xec50f0f6774adb9cad7d9632629f5960f921c58d,54.70896025,0,80.17243741,0,134.88139766,8.45254294292322,2400.0,2543.333940601807
1034,0xf45c419dea0b4ce6b82a6001340c25f06003a36d,28.57153568,0,114.89771156,0,143.46924724,581.0144121323018,6600.0,7324.483659371016
1035,0xb3e1dddb86cb8c7b3d3551f6da7e148b523bd9f7,28.57118712,0,104.45118762,0,133.02237475,538.3606823557631,6000.0,6671.3830571038125
1036,0xb5d4e1858070c04f422f95599bb354fd03671a86,54.70864336,0,200.42992673,0,255.13857009,5.749386713248997,6000.0,6260.887956803327
1037,0x02dfe6e29c3f478c0dd8b7e732a4ddeb23510125,28.57083856,0,114.89490122,0,143.46573978,581.2285423829811,6600.0,7324.6942821653365
1038,0xc0f55c23ec3f19b5230b82207a2f4b8bed2f44fd,28.57045832,0,104.44851664,0,133.01897496,538.9566614405078,6000.0,6671.975636400391
1039,0xdfa604a34406531de9cfe4af9fc07e1b7ad72131,54.70797789,0,120.25648588,0,174.96446377,2.983310919477381,3600.0,3777.94777468687
1040,0x2ef05135435241e658c3d820c170f4f1de18e47a,28.56995132,0,104.44665857,0,133.01660989,538.2673563476432,6000.0,6671.283966237496
1041,0x76e080062dc6fbf03580e9c682f5bce9fbf7ff9e,99.46828423,0,146.34827895,0,245.81656318,0.8810740079169814,2400.0,2646.6976371878677
1042,0xe24d705ece4c601a7d9f7000f062d4f69a4f5a3f,28.56963445,0,104.44549728,0,133.01513172,1545.0681623183345,6000.0,7678.083294039419
1043,0x82acdfd79503d1e76fa678c646b0d5337ad890fb,45.90946369,0,336.13769886,0,382.04716255,75.40617367832115,12000.0,12457.453336230394
1044,0x0d08b35b44b86f4778995cb816cd1b9ca5ab6052,28.56934926,0,167.0528083,0,195.62215756,589.9392908537899,9600.0,10385.561448411094
1045,0xaaf90fc4598b4122738f98dc363fe052860f9142,99.46777718,0,146.34752535,0,245.81530253,0.6506750538831367,2400.0,2646.465977586738
1046,0x69d7d58cac1c7fd47615a53e4fc0513b57acebd8,78.17905883,2073.43669727,602.68155022,0,2754.29730632,2809.837585484079,12600.0,18164.134891801186
1047,0xfae155a9e3aa550be8739859f43f4871016d92fe,259.82442984,0,68.77125034,0,328.59568018,0.7698239383100536,600.0,929.3655041177375
1048,0xa4a1d5531017100057958202c851a73adf428567,99.46723844,0,146.34672465,0,245.8139631,0.19742907928196354,2400.0,2646.011392174598
1049,0x69e14a5dc98af0bb736f128a3ffd0be19eed5adc,23.13890654,0,25.36725151,0,48.50615805,64.03453180590074,1800.0,1912.540689853706
1050,0x540ffa0a8644b2f60a05275a7b958d342852be1c,99.4666997,0,146.34592396,0,245.81262366,0.570910403945621,2400.0,2646.383534061722
1051,0x6bf973bc55a33576acd89a6a2a8301ecc1f7e936,28.56903239,0,198.37128998,0,226.94032237,0.5273363404392654,11400.0,11627.467658711352
1052,0xff78804d394b982a256d56ed6f5edadf094bdc1e,2.66603453,0,1.94611826,0,4.61215279,396.38552683313196,600.0,1000.9976796248551
1053,0x42328f9ec581ed8af1d86e0d6d2522ee2832f464,28.5687472,0,146.21189753,0,174.78064473,0.13668232716113457,8400.0,8574.917327058558
1054,0x6acea61816609127f3226951854143466b78cf66,39.8713853,0,14.58940034,0,54.46078564,0.7303989963470584,600.0,655.1911846380129
1055,0xdb1ead6f6a3dfb1c667c5539b80c865fc2642af4,39.8711318,0,14.58930729,0,54.46043909,0.7251939521605156,600.0,655.1856330465357
1056,0xb7b26f70c7fdb3be1a674df72fec27bea6a0b92e,47.87146225,0,17.52705323,0,65.39851548,170.20461573751993,600.0,835.603131218819
1057,0xdb89c623007ca7f9705848a1dadf53ecf115d38d,99.46619265,0,146.34517036,0,245.81136301,0.8770574762859248,2400.0,2646.6884204869666
1058,0x56ef78b99be65688ce12d868213a5089b832028b,436.77471027,200.23183682,236.83110965,0,873.83765674,0.9994388938140826,600.0,1474.83709563283
1059,0x9d23379ebfdb828e8e54dae161a66ba45e80e741,365.70278111,0,0,0,365.70278111,462.0775624608699,0.0,827.7803435659698
1060,0xd3c19ee482a2e41b7d2d12e6c2d962c080dab0a6,114.72877345,0,126.99581621,0,241.72458966,232.8547964197711,1800.0,2274.579386079545
1061,0x5523fb9dad8f4921ad6abe75ea663cf22a33df7a,365.70278111,0,0,0,365.70278111,428.4391345727199,0.0,794.14191567782
1062,0xccd00e190c2f277001503cbd584053448e3f90f1,99.46565392,0,146.34436966,0,245.81002357,0.234543976592819,2400.0,2646.0445675497344
1063,0x3ce5f0105d52299fb732548b80d16fcb96e7eb27,365.70278111,0,0,0,365.70278111,428.4391345727199,0.0,794.14191567782
1064,0xc45c4d691e3089032144509b9772c1b4fc2b0ced,0,0,0,0,0,0,0.0,0
1065,0xfaacd779c98932178ae69e960285c06d7cfa9b4e,39.87081493,0,14.58919098,0,54.46000591,0.5493832707594443,600.0,655.0093891810214
1066,0x184d87dea34f03196f089e0b4a213083769b0ffa,99.46508349,0,146.34352186,0,245.80860535,0.18937797571232318,2400.0,2645.9979833208713
1067,0x3535576e3cbb4d511823537bc3c4420bd73b8316,99.46444968,0,146.34257986,0,245.80702954,0.42156679931240393,2400.0,2646.2285963356017
1068,0xec302e274b0b4ebb24020375c0eb8b4e8e6d8c68,674.1809471,0,1331.33183039,0,2005.51277749,0.03808982357680334,1800.0,3805.550867312729
1069,0xf31b6f6e77a14a192115e4dc9f70ca20f3436cbc,99.46375249,0,146.34154366,0,245.80529615,0.36991587675716303,2400.0,2646.17521202329
1070,0x34bd0cdd319874d6ca3aa0a75856b585c47f1f99,99.46321375,0,146.34074296,0,245.80395671,0.4892135340784226,2400.0,2646.2931702430724
1071,0xdd6e9bfc1d5c2b08292cee4826f1934460c189ab,39.8706248,0,14.58912119,0,54.459746,0.6776114479742281,600.0,655.1373574477683
1072,0x39e6799dcdc35c66c2b4fd66ad397325770ccd09,0,0,0,0,0,0,0.0,0
1073,0x3f853404bec5207135103e20db30baadf9a1ca66,365.70278111,0,0,0,365.70278111,462.77168523536994,0.0,828.4744663404699
1074,0xe905bae9bee6584fe17ee43c96bc5699a51e7f07,174.77298828,0,140.31474994,0,315.08773822,44.00296730336654,1200.0,1559.0907055250398
1075,0x50758c4cc929884e9f57287200b9941a8e6e05be,99.46945678,0,146.35002165,0,245.81947843,0.22718823583085795,2400.0,2646.04666666219
1076,0x8b13c732b5ac334013b000a49f5e093cd878916d,0.78694654,0,8.61192328,0,9.39886982,48.71944107186806,18000.0,18058.118310889786
1077,0xcc8880f9cc03261ff536463c8a192d12206f1d1c,99.47351316,0,146.35605044,0,245.8295636,0.05499554361469699,2400.0,2645.8845591467393
1078,0x76ce845945aab3646be40af17efd5759271bed9a,99.47411528,0,146.35694534,0,245.83106062,0.6123078431184972,2400.0,2646.443368464669
1079,0xa26c0ba4838f00d9651ac3d636db02ad1a3a3789,99.47462233,0,146.35769894,0,245.83232127,0.08460942346070842,2400.0,2645.916930692107
1080,0xe586fce70b9adcfba8977c5cbf9c37c8f16922ee,6819.45591653,0,12609.71070156,0,19429.16661809,139.3685133254663,16800.0,36368.535131410885
1081,0x19d306bdad1010617593f703b132fa99f162dbc9,99.47519276,0,146.35854674,0,245.8337395,0.6693395515979538,2400.0,2646.503079048227
1082,0x206eecc84b9ad85770252f74d5ac9bf2ed98f744,252.96405003,0,588.4435517,0,841.40760172,777.7586047267419,11400.0,13019.166206449941
1083,0x55a4cca6cbe7e84ed50a50a9bca4ccb92c4ee666,505.93019152,0,1362.71706106,0,1868.64725258,623.3211019434278,26400.0,28891.968354527322
1084,0x44221fca73e6a62a981f422b80f31a7ec90942d2,1686.44094329,0,4893.41347277,0,6579.85441606,1575.7674671603966,94800.0,102955.62188321567
1085,0x87fc21ddb51e66e921596a469e85976fe472d8a3,39.87040299,0,14.58903978,0,54.45944277,0.6643852989297215,600.0,655.1238280698445
1086,0x29dd7c2b08cc6019e3664c6e87dd4fa344c55824,99.47582657,0,146.35948874,0,245.83531531,0.242424030648916,2400.0,2646.0777393361477
1087,0xbb5eaccceb5cbcfbd73d8fb6bbd122eaca47ae37,84.32239574,0,154.85550198,0,239.17789772,300.6798189581549,3000.0,3539.857716682133
1088,0x16b9fae5783f47829d8248065d2fb30cf2139dd9,590.26054118,0,1579.53629167,0,2169.79683285,750.942610844118,30600.0,33520.73944369482
1089,0x778dd64995b5f427d0f0ecf5a56903f4be222d23,99.4763653,0,146.36028944,0,245.83665474,0.22873385961383622,2400.0,2646.0653886026516
1090,0x7e2b3e1be1db68c3cc4c704e282e7420d184fe19,252.97032443,0,619.42975091,0,872.40007534,795.8324727656087,12000.0,13668.232548102216
1091,0x39479e32d21aab212d91e9e817d40f665dfe3287,337.29592075,0,867.2072356,0,1204.50315635,395.25657153953904,16800.0,18399.75972789324
1092,0x141dc0cb9d7686220224970f20037b39f972af15,99.47715757,0,146.36146694,0,245.8386245,0.16497451662193954,2400.0,2646.003599020747
1093,0x6c41e03a5dd47fde4f1b15320c8b35985ae52c6b,1686.49164553,0,4893.5617626,0,6580.05340813,1569.859758816245,94800.0,102949.91316694854
1094,0x39337df15a6e6b3f1d7cfc46085a8a8e5418d27e,99.47798152,0,146.36269154,0,245.84067306,0.15507034073303055,2400.0,2645.995743396388
1095,0xe1d18508f21745ff09299da197a6fe99b456a1fc,54.82351562,21.55043229,140.59702339,0,216.9709713,148.15239532618784,4200.0,4565.1233666240905
1096,0x713c2e744bc8cefb6d95a80787e2bd21ed0efc43,99.47909069,0,146.36434003,0,245.84343072,0.2701683158665815,2400.0,2646.113599037044
1097,0x5f11d09eaf51c21b6a9911337d1e81b286449143,252.9769791,0,619.44617542,0,872.42315451,640.2842146642756,12000.0,13512.707369177147
1098,0xe6b1f288764a16ba775f704f0a3a0abb077f6802,54.82408602,0,160.68227745,0,215.50636347,2.5785042933534887,4800.0,5018.084867761311
1099,0x83b2891430e8300ac68924d5cf8563a7d6a3f51f,365.70278111,0,0,0,365.70278111,184.05387722676994,0.0,549.7566583318699
1100,0xace25f1f14d7b536092f2e494a2d033103168faa,52.04731447,0,438.45912393,0,490.5064384,0.2582034692085094,13800.0,14290.764641870543
1101,0xfe8c327362eae6318c1444132d65a27909fed0ef,52.05590216,0,381.3353181,0,433.39122026,0.9585461787294428,12000.0,12434.34976644302
1102,0xd5e11e74a713507b27b44cc394c6e4aa0c449e84,421.63051672,0,1145.98150159,0,1567.6120183,736.0764780207181,22200.0,24503.688496325714
1103,0x6e02d0c95f915ab4edfe6c487777de5bf3f46613,843.26546988,0,2384.89306909,0,3228.15853897,886.7384507181084,46200.0,50314.89698969225
1104,0x2e1d23a810db87573ddb363f847593d1404c63c9,1686.53981266,0,4893.70263795,0,6580.24245061,1565.8750830854085,94800.0,102946.11753369085
1105,0xaeaf124dcd95594de1a81000e1514b9ccbd98007,167.81904221,0,511.98202785,0,679.80107006,10.25446628884789,4800.0,5490.055536348678
1106,0x9f85ea147cbbae46fcc6260ed88fbc168960ecab,260.85028513,0,716.57391038,0,977.42419551,64.09620594683877,3600.0,4641.520401458427
1107,0x3d4cd11d1a841cdd7226781876ce50424df522ef,167.82382894,0,192.00586607,0,359.82969501,12.643418939368702,1800.0,2172.4731139446085
1108,0x734a35821ad1071e00931a3126c6ecd636b8ebbf,52.05517332,0,381.32995513,0,433.38512845,0.693461106632225,12000.0,12434.078589554187
1109,0x9461833f8c81e770dfb1e3a21a55197d38bec017,52.05368394,0,381.31899601,0,433.37267995,0.20781209662036396,12000.0,12433.580492049108
1110,0x7e7439f4fc47940ed49b3016bcdaf2e0e6cdfe1d,12.2789717,0,53.80484908,0,66.08382079,555.7089737831087,7200.0,7821.792794568944
1111,0xe18f2fd8b7c40e729880b4af76c51755fffc3241,53.68325393,0,157.3198219,0,211.00307583,18.95157762239728,4800.0,5029.954653455839
1112,0xe50bee593e6a4faac410b4c3fd7ba5976bd2331f,1.4457936,1.08720975,0.52750737,0,3.06051072,0.49890479105862745,600.0,603.5594155098169
1113,0xc44342b643fd543637d4b77c49bd1e2038e4c48e,843.27434278,0,2384.91836283,0,3228.19270561,1049.7386106593976,46200.0,50477.931316266724
1114,0x153d44980873ce0cd6380c6caccf36db8d40de48,23.07873235,0,109.63837762,0,132.71710997,10.270996031607005,7800.0,7942.988105999239
1115,0xaf0d4538b5d683fb9af1bb85328510268ea053a6,52.04680745,0,514.70973701,0,566.75654446,0.15062885479212473,16200.0,16766.907173314437
1116,0x371d5fc97f50e34cafcb99437e89467da9ce89d3,758.9548941,0,2106.1840084,0,2865.1389025,784.3823144857467,40800.0,44449.52121698863
1117,0x2845f950ca59697c47f4910cb586519cd18ee13a,53.68223989,0,117.9860695,0,171.66830939,1.6023902163528332,3600.0,3773.2706996016886
1118,0x02621b1c931e5ea5449e85a99e7934519c0a157a,2529.86390701,0,7371.6859119,0,9901.54981891,2667.0093172682186,142800.0,155368.55913617677
1119,0x699c8a9c89e5dc5bae4cb6c721c4ffd29119ee33,146.39168503,622.60921366,5661.13595317,0,6430.13685186,194.77394067787716,62400.0,69024.91079253364
1120,0x0d33b3d44ba5f58ec10228081f61bd2b5a4cf95e,93.85654002,0,724.58770514,0,818.44424515,0.07693530086222358,12600.0,13418.521180455777
1121,0x82c977f13d75f132fcfc3c8a9814d92c9354c86b,99.54098223,0,146.45632622,0,245.99730846,0.9138206067825048,2400.0,2646.9111290640762
1122,0x4fdaefd9393e1937fe3816800ed134e32463143c,1.25960251,0,8.27135259,0,9.5309551,1.0958895774145032,10800.0,10810.626844679842
1123,0x600cfc79910ab91edde9ab3c0154bbf41c0c32d3,93.8557478,0,759.0854189,0,852.94116669,0.10418268052603319,13200.0,14053.045349372953
1124,0xd19699f0fadfb2456bde00f3d59fa2e72e1748e4,57.10039478,14.07954131,104.61761755,0,175.79755364,91.02141133211606,3000.0,3266.8189649717274
1125,0x0572ee97d8217c60c38a1b2da5dfac159049cbaf,0.74330651,0,4.61017905,0,5.35348557,0.12797509959951456,10200.0,10205.481460666308
1126,0xfe30f437206924ef78b7a63b4b9ca27455013643,23.07965128,0,134.94492426,0,158.02457555,7.3574619210991035,9600.0,9765.382037468578
1127,0x5caa14fc199df8cbdec8684709bdd13d411ac788,421.64778717,0,1146.0288159,0,1567.67660307,689.8402124799538,22200.0,24457.51681554816
1128,0x26676e2c796ae658345f70ff3c8613370a69288c,99.54034842,0,146.45538422,0,245.99573265,0.81296789102636,2400.0,2646.8087005394505
1129,0x0e8b801b47a59dda1d7eed1c2cd76d487dccc82c,2.22630664,0,35.74299567,0,37.96930231,0.000224515085736984,26400.0,26437.969526824687
1130,0x1d243bde6051c826c0c7c946fa2402d4f7be756a,1180.62134603,0,3345.18673192,0,4525.80807795,1378.050114753849,64800.0,70703.85819270779
1131,0xa7de3b541c5c52cef22b8421d40cf27c5aad6cc3,93.86934233,0,759.19552566,0,853.06486799,0.3156990593954244,13200.0,14053.38056705191
1132,0x5e84c77ba5f697ef927c9b30426683f4fd10d362,93.86832829,0,759.18732263,0,853.05565092,0.524496038679463,13200.0,14053.580146960718
1133,0x8f85f95e38e14ac4547a9b13a1cf5a22ce3cef17,99.53984138,0,146.45463063,0,245.994472,0.9098716094222589,2400.0,2646.9043436107504
1134,0x8a2d3e3a1ae0a1516dd771146295b2dc3d202e3e,505.98323874,0,1362.86108053,0,1868.84431927,728.1012172348695,26400.0,28996.945536502484
1135,0x811cb3b42c8f86042f6e1d6012b2cc0fb7d8982b,53.68151104,0,98.31499989,0,151.99651093,1.0858214923331893,3000.0,3153.082332424161
1136,0x8eb302f0e861c1ecadc9018518a427468a63e83a,93.867441,0,759.1800129,0,853.0474539,0.30423819343072156,13200.0,14053.351692095997
1137,0x381d124e375687657d7785dbba167847fb577144,1.59807414,0,8.74611855,0,10.34419269,53.62251141380786,9000.0,9063.96670410781
1138,0x401493b656700955ab80763cddbad5fa00489492,337.32456752,0,867.28147438,0,1204.60604189,394.62429843254057,16800.0,18399.230340324673
1139,0xa988759b813cb38d8060b06b12354f40eb7d3bb6,0,0,0,0,0,0,0.0,0
1140,0x84272bc82ecc7eced3e566bfded5cc82215ee417,93.8665854,0,759.17310284,0,853.03968824,0.5833318423860852,13200.0,14053.623020078043
1141,0xb112d622895b9974b5e0a8def2f7018826bc24bc,99.53927095,0,146.45378283,0,245.99305377,0.12060347873009283,2400.0,2646.113657252076
1142,0x0d366d8612d89ebba5f62070cfdfded1c8696523,590.32730969,0,1610.6912175,0,2201.01852719,997.189566996251,31200.0,34398.208094187234
1143,0xe6e41cc50b46c41856d8e0366f0fb8758d92c549,0.7425776,0,4.87657888,0,5.61915647,0.6346772825526004,10800.0,10806.253833755041
1144,0x323f1a3128b8ab099377d83e95b995811f120840,297.71887173,543.95710838,141.06867075,0,982.74465086,0.5270761145315278,600.0,1583.271726972849
1145,0xa8937764462d1ba003019edbcae73041612814fd,674.66307815,0,1858.49901715,0,2533.16209529,1003.6202114392161,36000.0,39536.78230673188
1146,0xe036be960a6b7340c20d892f6cefd69b0c366974,168.66633994,0,371.70107046,0,540.3674104,376.87598182635895,7200.0,8117.24339222583
1147,0xc586a013b1355eebb853a3f96e2592d3e17174b3,53.68059207,0,58.9827057,0,112.66329777,1.835613849618168,1800.0,1914.4989116168624
1148,0xfe01afe7720ce8ebc45c0f1c4bb099dbbfba76ae,99.5387639,0,146.45302923,0,245.99179313,0.5187845445956292,2400.0,2646.5105776708456
1149,0xa36f1b5d0a5d645529ddba1a2085eb969e89b0ea,2.22583126,0,32.0589879,0,34.28481915,317.1199012251613,24000.0,24351.404720379924
1150,0x9e2793f577a4ec682ebe9617b31545ac3da491a8,0.74181698,0,4.60094003,0,5.34275701,0.03809026801445716,10200.0,10205.380847281713
1151,0xd1af5c2208b1787ce855401c5cdf0cf9e80e4346,99.53825685,0,146.45227563,0,245.99053248,0.22209205338977658,2400.0,2646.212624532544
1152,0xce70121c942b596a0ef5d2a06e70ac2899d7be3f,4.28321901,0,39.07945997,0,43.36267898,307.80263724200466,15000.0,15351.16531621817
1153,0xa06d8754b8814657fe03aa6b50e844c3e069924e,2.2248488,0,15.42436689,0,17.6492157,0.2766814221744214,11400.0,11417.925897117684
1154,0xce16061812a10d0fd4e36c11cb87acad0105635e,99.53768642,0,146.45142783,0,245.98911425,0.499989780716269,2400.0,2646.489104031888
1155,0x15a680fa46e2c18b807612bbd2294622c1cb70ea,53.68008504,0,98.31180374,0,151.99188879,1.073852556624021,3000.0,3153.065741343987
1156,0x8e3344e93b50bede2c9f059b48bb45fbafd95155,2.22408819,0,18.6652177,0,20.8893059,0.5969402089091741,13800.0,13821.486246106215
1157,0x6cacef60ea158c30ab7ff792d7f6c61d8849bdf2,99.53714768,0,146.45062713,0,245.98777481,0.9986949082604516,2400.0,2646.986469721893
1158,0xcc47e8e0a0e57e1ca57b71ff67c7c573a5a343ae,16.38900464,0,65.84666932,0,82.23567395,0.8038742434501998,6600.0,6683.03954819694
1159,0xb20c23de413edf431dbde8442431fabfb3961053,0.74118314,0,4.59700853,0,5.33819167,0.6401516288413965,10200.0,10205.978343300832
1160,0x0b9878bfc3eaf033d8110e0215d58811f3098e7b,99.53667233,0,146.44992063,0,245.98659296,0.6065101505186774,2400.0,2646.5931031074992
1161,0xe3bcb2105a522917c30d69d1ebc808f8c1bbb6d2,99.53613359,0,146.44911993,0,245.98525352,0.8970644008107783,2400.0,2646.882317920252
1162,0xa3d48ba9e2a1fa2b6864946ba250d9b4fff765d4,217.72224662,0,383.94939715,0,601.67164376,20.85435268722964,2400.0,3022.525996448606
1163,0x7e57b40705bb5dd5aeb3e9c707086aa15b2adb5a,166.82403633,0,252.58576858,0,419.40980491,113.80224389761973,2400.0,2933.2120488034016
1164,0xa4b43772c4639adcdca692fe1bc8f6befa6962a7,99.54186957,0,146.45764502,0,245.99951459,0.5443604242357634,2400.0,2646.543875013947
1165,0x53f44424b866736b64baefee39bc7a387a42afa3,99.54237662,0,146.45839862,0,246.00077524,0.09035429756592697,2400.0,2646.0911295343726
1166,0xff091def18364d897e770040d57bdf4b8842dfed,24.501302,8.92353964,80.58923259,0,114.01407423,50.26432010727854,5400.0,5564.278394334064
1167,0x33f859b84d1c0d4d34f43c47df5799126c91bb9c,99.54301043,0,146.45934062,0,246.00235105,0.60077417011674,2400.0,2646.603125215793
1168,0x02e3ff60a9a2aac6a764f46a6fa2894032ba86e5,99.54348578,0,146.46004712,0,246.0035329,0.5654504477645348,2400.0,2646.5689833500933
1169,0xfcaf0ccc669dca73afbe0ccc2faaab2b14599d2e,5.62525267,0,16.42452034,0,22.04977301,11.826277919918502,4800.0,4833.876050932968
1170,0xbfa77edfa427e94aeb8163f1c665dd8327cd23ba,99.54402452,0,146.46084782,0,246.00487234,0.32953524576128235,2400.0,2646.334407585629
1171,0x2c50ba405a1d6286019f885c5eae942336300193,99.54459495,0,146.46169562,0,246.00629057,0.926442521688808,2400.0,2646.9327330895394
1172,0xafee0e7b1bfe767385551a13aab1d5f10ca4a732,99.54507031,0,146.46240212,0,246.00747242,0.6877974946424382,2400.0,2646.695269919145
1173,0xd50e750fda79f78d02c04b5a1c2cd0b0a34e6bb9,146.39089273,445.19619389,5878.84146839,0,6470.428555,0.5745541628050758,64800.0,71271.00310916537
1174,0x86fe3fc27d00debf57e664c7a7aa4fcc6139444e,99.54557736,0,146.46315572,0,246.00873307,0.9080400813310503,2400.0,2646.916773152929
1175,0x045d3c1d01483eb184951b561f60cb3552dcfbe6,158.88135149,0,474.37910127,0,633.26045276,0.8029297368069036,4800.0,5434.063382496702
1176,0x3038f771f231647de838708139fe2cabc574c2d5,99.5461161,0,146.46395641,0,246.01007251,0.27186975598009755,2400.0,2646.2819422651173
1177,0x1b21b06b8cef2bcc8b44faaeb5aeb9218aa4d6a8,171.10093221,0,66.8942488,0,237.99518101,0.6032908033151737,600.0,838.5984718172209
1178,0x9970cece267adec839502d0a17fe9bc567b3e947,171.10026651,0,66.89365926,0,237.99392577,0.5824502674806757,600.0,838.576376034133
1179,0xaebcc18c17abc79dfbce0942f9ba913967abba41,171.09494087,0,66.88894291,0,237.98388379,0.4957951369097528,600.0,838.4796789255341
1180,0xe53ddc6bca8d25daf9d09ec2b5bae10d605c996b,171.09402157,0,66.88812877,0,237.98215034,0.7286788100767353,600.0,838.7108291474253
1181,0xf4ff7eee58740036eacfcc8082af786754315b45,171.09322906,0,66.88742686,0,237.98065593,0.4037436642913816,600.0,838.3843995915705
1182,0xf25e5daf091f858e6656096fb4cc3634fa25967a,171.09246826,0,66.88675297,0,237.97922123,0.403856528761319,600.0,838.3830777564012
1183,0x78014efbc06baf4025fabad1f9123ad1f92cc942,171.09183425,0,66.88619136,0,237.97802561,0.8991538304964096,600.0,838.8771794434747
1184,0xffebc4305187cc6f222caaca4e4bdf1980acc920,171.09097835,0,66.88543311,0,237.97641146,0.2278175922371131,600.0,838.2042290547729
1185,0x485476d1e382c5b7b74a6d2875628348367b57ba,49.44007853,262.39647313,36.2095113,0,348.04606296,282.68984661158225,1200.0,1830.735909569621
1186,0x0b8f8cfdb5490072a20b86d984bf9633eed93e86,95.21314183,0,945.19353086,0,1040.40667269,28.542552101019066,16200.0,17268.9492247913
1187,0xc92b4e1e303b83a4a3db141fb5e85507deb1af46,171.09031264,0,66.88484333,0,237.97515598,0.922773366172861,600.0,838.8979293430311
1188,0x179c4017c4c552a909447780c8524cc5b9f8d130,171.08676222,0,66.88169783,0,237.96846005,0.9181352017843244,600.0,838.8865952550294
1189,0x62c36047763a022354e6d52253286223273fadb3,171.08609652,0,66.88110805,0,237.96720457,0.6002800074099807,600.0,838.5674845749776
1190,0x00b11cd9e864d07b58777dc3a19ee4258f54f4c9,49.44055387,0,90.52465218,0,139.96520604,1.5595609824370082,3000.0,3141.5247670270096
1191,0xe3b1515dc56d08c8d9d01742f0b29428821d6ffa,171.08549421,0,66.88057444,0,237.96606865,0.5899283613463177,600.0,838.555997013301
1192,0x82b5ebfca9b5f16561551f120ebaa0b2328bdf9d,171.08482851,0,66.87998466,0,237.96481317,0.8080564785522841,600.0,838.7728696448294
1193,0xdce01297c9c7c6bab5b95a7b1d9281b199530598,49.44169467,0,36.21069985,0,85.65239452,1.1632430882023952,1200.0,1286.815637605845
1194,0x9f8c656494c922c7a87f4ffc9e1a8fd054af8b0e,171.0836239,0,66.87891743,0,237.96254134,0.546005512019658,600.0,838.5085468470709
1195,0x44895917adfe635b3bd7a44f0ca623af875b223c,49.44226507,0,36.21111934,0,85.65338441,1.2885905239249746,1200.0,1286.9419749312842
1196,0x1523876d30d74a4b7edb81cfae12025664692ccc,171.0830533,0,66.87841191,0,237.9614652,1.0046143748200607,600.0,838.9660795792906
1197,0x799192c70fd8f42fe82ff27ffd2ac9fdbad2d6bf,49.44286716,0,36.21156213,0,85.65442929,1.621859095980243,1200.0,1287.2762883869293
1198,0xbb34d91eb301fc76dd550d413b8b19f57f7ecb5b,171.08226079,0,66.87770979,0,237.95997058,0.954339031161273,600.0,838.9143096103662
1199,0xfa4de53d0071bd5da748a770079b0b74fed14fe5,131.19418216,32.55375272,340.09747399,0,503.84540887,136.32476783845186,4200.0,4840.170176711372
1200,0xccdd75a4536cb44d8efaa7e1cb5ce83482fa1e75,39.87018118,0,14.58895836,0,54.45913954,0.6121296535943593,600.0,655.07126919563
1201,0x68cdd5d53959446f8f9dd40f45cb6862f7fa22b1,519.17953995,0,613.57700571,0,1132.75654566,6.36188684469318,1200.0,2339.1184325030936
1202,0xb5cfb0fce6163934975aea257688cfedee02ac5e,259.58392765,0,0,0,259.58392765,9.070882022169846,0.0,268.6548096734698
1203,0x659cf131825e52b2b58a448e5a1ea8236c7e5c41,259.58245102,0,0,0,259.58245102,9.074929823567997,0.0,268.657380843818
1204,0x523de55f1cc7c1ae4f69a577a6b711ad364d3f23,2926.99470543,0,1380.03026787,0,4307.0249733,2040.3322061848226,6000.0,12347.357179481434
1205,0x003e53a7bd82b5ace856c975d1172b72fb341b9f,109.17216587,43.10087148,321.83833643,0,474.11137377,0,4800.0,5274.111373772916
1206,0xb5a86e2b2f30d29fdd704111d22e7b4dd01ff58d,674.17835769,0,1331.32518813,0,2005.50354582,0.027861527702494025,1800.0,3805.5314073514437
1207,0x2960fccae50c25514c45904e18434b7b32123da2,674.17631343,0,1331.31994406,0,2005.49625749,0.8641969017435068,1800.0,3806.3604543904858
1208,0x5ec5da64eb32bd5b7d2f61759d2ffac451e3d42c,674.17345146,0,1331.31260236,0,2005.48605382,0.9678809237247961,1800.0,3806.4539347434684
1209,0x97b1809503f9a8dd7f3369ba8744b36d19971a03,674.17113463,0,1331.30665908,0,2005.47779371,0.4662689249915758,1800.0,3805.9440626317364
1210,0x3c6fe4d3c28f0018929a8dff98c83fe9307d1e3d,674.1696355,0,1331.30281343,0,2005.47244893,0.9377789791159578,1800.0,3806.4102279068616
1211,0x58280599823b68a57a9fcc37f7bf1347cd5eabb3,674.16650096,0,4437.64924174,0,5111.8157427,44.312396211331354,6000.0,11156.128138907854
1212,0xec13fecec803de5d4c3005bfc493fc2fcfd5aad4,3.88938128,0,24.12978929,0,28.01917057,0.11793277391245838,10200.0,10228.137103341403
1213,0x6fdd6e4af9243eaffe9a37df359356a594c53320,674.16472926,0,1331.29022766,0,2005.45495692,0.18698152360550566,1800.0,3805.6419384473534
1214,0xe89296a0cce22ad4b874b54e5d6ed1fd9222595a,674.16050445,0,1331.27938991,0,2005.43989436,0.24503325839003598,1800.0,3805.68492762314
1215,0x6d268cdcfb6da17482b6e17174df7e1703633538,674.1539628,0,1775.01681185,0,2449.17077466,0.9747860773012894,2400.0,4850.145560732939
1216,0xb7935f4510f09f598eb32466146cb3879270cd6e,674.14919285,0,1331.25037272,0,2005.39956558,0.7236294745759307,1800.0,3806.1231950523315
1217,0xd191d036eb3908f83bb797fcba216d9bb825be72,674.14510432,0,1331.23988458,0,2005.38498891,0.6842578552415726,1800.0,3806.069246762999
1218,0x61fa1647fc68e49a8981201f3dc8a1abbbe8c456,674.14060694,0,1331.22834763,0,2005.36895457,0.31037644766203876,1800.0,3805.6793310184216
1219,0x4dd8f3a4c0861aa013c33b85c3016a04b2419b82,365.70278111,73.14055622,0,0,438.84333733,514.1270114812639,0.0,952.970348807384
1220,0x4954c92b9d10c902ddba70cf8da7d39b836d775c,674.13719984,0,1331.21960751,0,2005.35680735,0.392270105384272,1800.0,3805.7490774511452
1221,0x3c27aacf5f78710ffb742eda14bcf1f9b98a559d,674.13352016,0,1331.21016818,0,2005.34368834,0.48791039872414876,1800.0,3805.831598741487
1222,0x6126ac214dfa4bc15a5730f3dce7acdf2288114f,674.12956791,0,1331.20002965,0,2005.32959756,0.5505842639313809,1800.0,3805.880181825696
1223,0x53fc15088d24c6cb63bfbbf4e6e78271dc9e5f60,674.12507053,0,1331.18849269,0,2005.31356322,0.6088079720387581,1800.0,3805.9223711968057
1224,0x0d2f4b7ffb910bb18cdad7ea43abeed19ad5ad0e,674.12193599,0,1774.90726905,0,2449.02920504,0.7116323455635761,2400.0,4849.740837384721
1225,0xb6e381257c7789afcded4edd6817b4ef71754fb8,674.06428773,0,1774.71009199,0,2448.77437973,0.23996297457575858,2400.0,4849.014342704071
1226,0x32a18bb652706617d44b68a2b0d345c98f3476d1,365.70278111,0,0,0,365.70278111,468.33910309431997,0.0,834.0418841994199
1227,0x097be01858eb94f9c6b5c987ecd119ca8cf12303,365.70278111,0,0,0,365.70278111,468.4091173034199,0.0,834.1118984085199
1228,0x68700cce1aa509796b6e6f4b5212438f35b040ab,365.70278111,0,0,0,365.70278111,428.4391345727199,0.0,794.14191567782
1229,0xedde6c81ae1fccf67e18b9d8e8ba6093ac85944f,4.90882106,0,19.70734315,0,24.61616421,0.38622963113688563,6600.0,6625.002393843392
1230,0x31265849fbeead9b07f471242ce526d3a5a105b9,79.41853847,86.66600043,29.15718372,0,195.24172261,0.6070121734516534,600.0,795.8487347851925
1231,0xe91fb71400c9b706e8c70878062c9447eccacde9,4.90758507,0,23.28462961,0,28.19221468,0.25755260179132416,7800.0,7828.449767282785
1232,0x01947a6a06e19c4cefa275f349699855d7fb8dc1,4.90644415,0,60.88409833,0,65.79054248,0.06144883721750421,20400.0,20465.85199132139
1233,0x78932a26c6b7243765cf3bc490e0306550213689,4.90527155,0,21.48336747,0,26.38863902,0.7102310823572757,7200.0,7227.098870097397
1234,0x122c2e7c14d59be2019d42865524e3b1cb939a30,374.86025179,75.67075213,381.8767128,0,832.40771671,940.5812647372157,1200.0,2972.9889814436247
1235,0x211c19584190fdedec7df28b6945c5789390f4ca,4.90413063,0,19.68850446,0,24.59263509,0.31365981855626096,6600.0,6624.906294911995
1236,0xdf791001c7e71c99be84ea080470671d6e72752c,4.90295802,0,21.47323068,0,26.3761887,0.5091244975907108,7200.0,7226.885313201429
1237,0x7d499b6b9c79cba8b3011ffe89f421c9029b733d,4.90181711,0,19.67921241,0,24.58102951,0.22477366356449222,6600.0,6624.805803178128
1238,0xb7786f1a5777ac06053d26b20d547531236ff46c,4.90048604,0,21.46239959,0,26.36288563,0.15709818417731114,7200.0,7226.519983815774
1239,0xfa6ee25cea3341cac9078c10bec887f58b74699a,4.89909159,0,19.6682656,0,24.56735719,0.6308437309480683,6600.0,6625.198200919713
1240,0xd81aa925d34f37ff38c6616baacb89fb54c60e3d,4.8978239,0,60.77708347,0,65.67490738,0.24920808319867763,20400.0,20465.92411545943
1241,0xbfc01579d42ac4da94bdcab2d4bf1967b1202764,4.90996198,0,19.71192553,0,24.62188751,0.4368193383424428,6600.0,6625.05870684977
1242,0x7d0bfebe2cff13c841760099455b60377ab95dd4,1686.67037093,0,4863.10926602,0,6549.77963695,1815.9330360156941,94200.0,102565.71267296452
1243,0xf28d2b19d4e634237b556040e5696adbcf227fcf,374.83856779,0,381.84726947,0,756.68583726,385.80069326550085,1200.0,2342.486530527877
1244,0x43521c67d58acd05e6cd23cbb4be7d4db571d2c2,109.16994742,0,321.83067048,0,431.0006179,8.764230954837693,4800.0,5239.764848849842
1245,0x7a9df347d43f40baa44ea39b0fcf07e5e3be5a05,297.71696953,0,1833.87760674,0,2131.59457627,209.5920727623461,7800.0,10141.186649028488
1246,0x9a09a37947fca6cbe93b0ed0d285c5a4e1adb8f6,1686.67670871,0,4863.12768493,0,6549.80439364,1960.6886612560554,94200.0,102710.49305489661
1247,0x36dad223b12e25fa48b3641a9a67c81caae0b0c9,2530.0255204,0,7527.03790328,0,10057.06342367,2423.713813385624,145800.0,158280.77723705675
1248,0x5010cc9c368daaea985e9d3c8fba4685e8d4d390,843.34532591,0,2385.12071276,0,3228.46603867,1044.512573096971,46200.0,50472.97861176979
1249,0xff6808ece02d70264fcb761731579eafd7023412,759.01336012,0,2106.34754957,0,2865.36090969,911.2783202014111,40800.0,44576.639229889974
1250,0x17374db42fe0e9a882ed963778492e1dc1e2af42,506.01080808,0,1362.93592936,0,1868.94673744,635.7374954279021,26400.0,28904.684232864478
1251,0x9fc03fac4bbf5e390e54dd0dd2414da948cbb388,2530.06354708,0,7527.15193628,0,10057.21548336,2431.179349822536,145800.0,158288.39483318126
1252,0x5f4d153e3c4aef23f48514e42b350d240d5d78b1,25.50407829,0,158.46885986,0,183.97293816,0.35651324077145774,10200.0,10384.329451398231
1253,0x1653ed8fad0855c1e98781c055b468dfc6a65789,0,0,0,0,0,0,0.0,0
1254,0x56176b05c10dc8e42f97ceabaf41f18cabdf10c1,43.14458833,0,426.33678784,0,469.48137617,245.61251541691118,16200.0,16915.09389158625
1255,0xe3692b68b4ff3b3f7ec016874147ecbe94457cfa,7.7437111,0,36.74844318,0,44.49215428,169.53526177526498,7800.0,8014.027416055679
1256,0xfb869e4a97736acb8cc808697d8e08b78e12bb75,43.14962661,0,15.79299483,0,58.94262144,0.46829756528897776,600.0,659.4109190080558
1257,0x5dc1e9c6ceb468ac7a5dc798a88fdc5cd6209131,150.73591133,0,392.87038009,0,543.60629142,840.090761377038,4200.0,5583.69705279205
1258,0x61515327d9e2c53024ef8a696d45f4bcf379d9aa,43.13289571,0,78.93425091,0,122.06714663,547.6215999745664,3000.0,3669.68874660293
1259,0xb3b6d9d80f5ba4df1a791268c8b5e27d95f4e20b,0.12508872,0.07183672,0.50200487,0,0.6989303,59.502143192823524,6600.0,6660.201073497427
1260,0x93f72922e428b6af29e35a32e7a68eceb79ae313,52.0463638,0,419.38965293,0,471.43601674,0.4607308233459952,13200.0,13671.896747558729
1261,0xf8fb0b7ec65ddb54ef3709332286ede5e20e05ee,45.909939,0,336.14119226,0,382.05113126,0.24351202935403238,12000.0,12382.294643292185
1262,0xc989a0cf923acfbaeb7809a2afea27ba0c023e27,6.63226915,0,33.892389,0,40.52465816,0.8754362056660275,8400.0,8441.400094361486
1263,0x1e754e024ebbadb7a9c8aab201a931123bbf0c22,253.01262911,0,619.53416385,0,872.54679296,744.2307834855173,12000.0,13616.77757644266
1264,0x12422aca91ebc98b173841e028c3d7c7abb16a0d,1349.39511134,0,3872.07239283,0,5221.46750417,1227.349790636137,75000.0,81448.81729480874
1265,0x2ebbdded27f4f14d5bb13c59a6d34142e0cfd09a,1686.73628384,0,5080.13589123,0,6766.87217507,2125.706993751728,98400.0,107292.57916882265
1266,0x416b4b24ddd6fa1cea963d285d2ae292e09c97a1,1686.72931228,0,5080.11472708,0,6766.84403936,2092.222279481498,98400.0,107259.06631884363
1267,0x94a00fff3d46681da80faf442071bfee5a25136a,843.36117036,0,2385.16588016,0,3228.52705052,1044.310186999769,46200.0,50472.83723751756
1268,0x0688b87c787e0b435e3582641333af0b7f19990f,843.35768458,0,2385.15594333,0,3228.51362791,1044.7006045141343,46200.0,50473.214232426035
1269,0x3f77f71098573562a04b8f41c6fe7f2595dfa4d9,99.56753887,0,146.4957961,0,246.06333498,0.28281475332725975,2400.0,2646.346149730039
1270,0xf3860d0e09f29e906c0fc62938786cd6739e5fb6,99.57235583,0,146.50295541,0,246.07531124,0.1760933362330322,2400.0,2646.2514045759663
1271,0x04a9325038f384b2fa8e5cf322243c7fc4d0d24a,99.57495445,0,146.50681767,0,246.08177212,0.000206940132322976,2400.0,2646.081979058601
1272,0xb149cbae4082e8077ac28eb7d52b18f591d06d97,99.5757784,0,146.50804229,0,246.08382069,0.3189725530064032,2400.0,2646.402793242781
1273,0x8e81bf034ec5850c71f795cb9bd5481b869b174f,3657.02781105,0,0,0,3657.02781105,4284.3913456971995,0.0,7941.419156748199
1274,0xa87c406b0ecff0985a0eaf2c9a8a5a094519d542,99.577458,0,146.51053865,0,246.08799664,0.8116540342341452,2400.0,2646.8996506791236
1275,0x44c7644ba07b52137613341de7215cc8f05b1ad9,99.57964464,0,146.5137887,0,246.09343334,0.05361817608252678,2400.0,2646.1470515159804
1276,0x1b2bfecbfe6b81b94f41f2fe6203da4f1bcccc5b,0.02338877,0,0.12799486,0,0.15138363,419.6640317988438,9000.0,9419.815415424979
1277,0x6274d66e69a264baf0c312b7ad4465414ca60d5e,99.58059536,0,146.51520179,0,246.09579714,0.7933638881890649,2400.0,2646.8891610326687
1278,0x2f7d19c702c3e56504841aaf6b7f972a5baac9ea,99.5811341,0,146.51600254,0,246.09713663,0.0863076051007386,2400.0,2646.1834442388435
1279,0xcd70cbe4951d7dfc6c6ccafee3ff1ca19e533894,99.58183129,0,146.5170388,0,246.09887009,0.9691803964645834,2400.0,2647.0680504869006
1280,0x271ca8192042399608aa5059ae802fb61ff57337,365.70278111,0,0,0,365.70278111,586.75649757137,0.0,952.4592786764699
1281,0x4b8aa2b77ced6c6133f1e5c16b33f4c41cf7ffe6,99.58237003,0,146.51783955,0,246.10020958,0.43804504960455753,2400.0,2646.5382546293035
1282,0xcb8f65ed4af3423f7624b1e98c63012529a8ab2a,99.58297215,0,146.51873451,0,246.10170666,0.4015043359558762,2400.0,2646.5032109918902
1283,0xb83c74159ccfea483e37cc1c106e815779d3fadc,99.58449329,0,146.52099545,0,246.10548874,0.5446801514538804,2400.0,2646.650168894719
1284,0xd2deef25a02339f72ebd990b876cf135d9a510a2,99.58515879,0,146.52198462,0,246.10714341,0.9174083209691541,2400.0,2647.0245517274416
1285,0x9c34843f792a1c5d75e6784f026b5cd0b8e68ae9,99.58566584,0,146.52273826,0,246.1084041,0.7675569357089658,2400.0,2646.8759610379584
1286,0xf28e8f6b629687ceb36f65dfe8872bd00b4a3553,99.58623627,0,146.52358612,0,246.10982238,0.6787773466381436,2400.0,2646.7885997316366
1287,0x0ca62cbcec9e42370a093f5ed41e22f6f592d8de,99.58671163,0,146.52429266,0,246.11100429,0.293792946358311,2400.0,2646.4047972336475
1288,0x376f39635dfd5896e47077142729e79df937bfb9,99.58753558,0,146.52551734,0,246.11305292,0.5203392421675964,2400.0,2646.6333921600944
1289,0xbc3360db5b9c0bec3733c614ef2e621c3f144443,592.01901149,0,2979.83347424,0,3571.85248573,2457.121039395415,4800.0,10828.97352512701
1290,0x721cc1000f7d5e5f8644294b36f6b3880c51bdf6,365.70278111,0,0,0,365.70278111,428.4391345727199,0.0,794.14191567782
1291,0x86cd655657e2a2a0345ac4c2aeb6041dfe5d8060,0,0,0,0,0,0,0.0,0
1292,0x21dee70928d5fc9f914768778b083d4530802930,1771.0957239,0,5173.13181943,0,6944.22754333,1994.7839308033979,100200.0,109139.01147413309
1293,0x7e1a4444af5eb8e081d3b548a01d5fd5161a45ca,843.38335259,0,2385.22911451,0,3228.6124671,1042.9524559279387,46200.0,50471.564923028694
1294,0x44fb672327688fb7355ea09abce5314bf29c43d4,253.01633671,0,619.54331464,0,872.55965136,639.5505499128516,12000.0,13512.110201268199
1295,0x695236d0097926bee094e837e845f66f8044c305,843.39190859,0,2354.27618666,0,3197.66809525,1309.394929756575,45600.0,50107.06302500812
1296,0xe7481bfc4ffabc98f684faa3764d73caf94ac6d2,674.71910412,0,1827.67700435,0,2502.39610847,1019.0334965565974,35400.0,38921.42960502694
1297,0x67569a49454e78b24a26ae31dfab57dc1cdd2384,9.32184949,38.01204403,3.40319422,0,50.73708774,0.4332976618770038,600.0,651.1703854054389
1298,0x9808e55d433f4863768d07f9af6e1ea0befa24fb,506.04122943,0,1363.01852116,0,1869.05975059,702.3556639977604,26400.0,28971.415414586292
1299,0xbe625a97a26637bad7b2401192e722ea0b03ad36,253.02166045,0,619.55645425,0,872.5781147,631.312359856241,12000.0,13503.8904745526
1300,0x78276f34567b7f2a52ba2a591968a02fa788f873,590.39540913,0,1610.87850381,0,2201.27391295,1001.719987812392,31200.0,34402.993900759444
1301,0x4fd18a3602561939532994eb64921802e6b24339,253.02764965,0,619.57123631,0,872.59888595,631.2348463571386,12000.0,13503.833732312134
1302,0xc6c06415515cf7f84d3dbc88c46943cbbff80661,168.6858603,0,340.76572857,0,509.45158886,535.3494852681157,6600.0,7644.801074132342
1303,0x66cb547732a5dba4989844f4244a62cef5c4e3ff,253.02993125,0,619.57686757,0,872.60679882,639.6795400352008,12000.0,13512.28633885063
1304,0x552c871cc740ec8610b4fc3a4ea3cb7427c3d3f8,674.74952547,0,1827.76006543,0,2502.50959089,1067.6744805797414,35400.0,38970.184071473675
1305,0xe111a5160e7302d3542e5a294edf93a2a4255ac7,365.70278111,0,0,0,365.70278111,428.4391345727199,0.0,794.14191567782
1306,0xeaf6a08732b371c8c235ec0c30133d60b78170db,23.0257195,34.05524341,33.65725659,0,90.7382195,59.95214602562116,2400.0,2550.6903655263495
1307,0xe6df4449aa1c1aeb3db538168c6068995bc58b34,365.70278111,36.57027811,0,0,402.27305922,471.28307303199193,0.0,873.5561322476019
1308,0x4c39fe3ceba76bdbb56da676ce6919d183eeccc7,60.1464586,62.42058658,22.04593297,0,144.61297815,51.37238706141086,600.0,795.9853652115706
1309,0x760182eb3d5bf63debc1dbdf1f2a4f6f4383ac36,96.77710458,0,83.67046391,0,180.44756849,191.64425903585223,600.0,972.091827525348
1310,0x21814cf39ad88f6354c4fa0b36a867cd4812f82f,266.96421277,0,245.76840111,0,512.73261388,25.778015403792335,1200.0,1738.5106292883443
1311,0x9bfc300ec7070e5f4314e675cb297347bf0168fc,17.24361112,30.60481597,6.29855501,0,54.1469821,361.0265223008856,600.0,1015.1735043998533
1312,0xac764f6e1dd02871a5d214334131cb030384f8d8,20.41722096,52.1775415,22.37843617,0,94.97319862,0.6086546350676046,1800.0,1895.5818532594503
1313,0x6cc05dcde2bf18b29bad8f9d3d7b97ee3d99332a,171.08422621,0,66.87945104,0,237.96367725,0.783645564009204,600.0,838.7473228146733
1314,0xe84f1ba07f0aebe271f9a44511316d25975e0d26,20.4166189,0,134.26665111,0,154.68327002,0.24452411443729768,10800.0,10954.927794129542
1315,0xa52ae0f700b0cc58d768bcc38c197bcd5f5d455c,173.68002878,0,276.73532512,0,450.4153539,100.67849562337058,2400.0,2951.0938495283203
1316,0x12830f26e495b0b4ccb70f03ed892f83b52870a2,20.41617528,0,104.42734468,0,124.84351997,139.01435115461982,8400.0,8663.85787112176
1317,0xc317c22699308d9bfc67b3d88e8922b7bc0190b0,20.41576335,0,104.42305412,0,124.83881746,4.717163234413792,8400.0,8529.555980697276
1318,0x5b38446d595d083a35513f7e7e9169935272b60d,20.41535141,0,96.96432914,0,117.37968055,0.48663867569621516,7800.0,7917.8663192249605
1319,0x64973a03e4b6772bf06b8b6a00ae7b674fd63dc8,49.44099751,0,36.21018714,0,85.65118465,1.541848510322954,1200.0,1287.1930331627561
1320,0x4fbd93161ec16404b6d91c7bde5dc50e2d3df666,35.12703599,0,12.84861666,0,47.97565266,132.50076874269072,600.0,780.4764214018614
1321,0xac55aa2e248370d92100332764b8469b749a35da,24.64075781,48.05531523,9.00559901,0,81.70167205,221.03629174348455,600.0,902.7379637920599
1322,0xe7d3446571a2cb740bf2d6663915df42b7cc3ba4,93.74927309,0,34.4644068,0,128.21367989,53.03585373558714,600.0,781.2495336285219
1323,0x084dd428295ce656a3f0472f1e5878cd3122200b,272.4505409,0,503.98403371,0,776.4345746,272.14610456129947,2400.0,3448.5806791653918
1324,0x614bf3193da297637eb0f6975d65c5c57957e738,49.44334249,0,36.21191171,0,85.6552542,1.1970746634481855,1200.0,1286.8523288624947
1325,0x8ffde756cf43eb670e778582fa81c9418fa9f204,49.4438812,0,108.63692368,0,158.08080488,1.8029275595411487,3600.0,3759.8837324406113
1326,0x7168ea3ac18aacb77d5e384344f6629e4d170219,49.44438822,0,54.31902116,0,103.76340938,1.7656028410840148,1800.0,1905.5290122242748
1327,0xf6bcca7124c3d557c16c0e0d37955f787ad2a9cd,75.34378957,0,27.65175089,0,102.99554047,78.7520496928225,600.0,781.7475901590544
1328,0xa97a6340a3cc62e9c40deb64b8dd397c517ff85a,29.71018712,0,65.17533563,0,94.88552275,1.4669732102498665,3600.0,3696.3524959640695
1329,0xd9c31cdfa6b0cad856932f71fc0854740b91456f,10.29750146,32.49588215,41.35624873,0,84.14963234,42.90321000118132,6600.0,6727.052842343071
1330,0xb9f157f5e84d2310dd64b256129fdafe4aecdee2,132.84502365,0,49.21894479,0,182.06396844,0.9919474553451005,600.0,783.055915895328
1331,0x528e02d29722315120217abbfa00daf542b9fe8d,10.29810352,0,41.35866848,0,51.656772,0.33568074745505244,6600.0,6651.99245274472
1332,0x460ea418da0026cb4f390ba499385b7c3cf01661,131.61952184,0,48.74901175,0,180.36853359,0.8178219543555284,600.0,781.1863555411431
1333,0x073d443021351a50756cac2bb580b9b15f90f933,182.7549457,0,0,0,182.7549457,611.3865915545199,0.0,794.1415372578199
1334,0x124af8d79011f725d1c7f43d32b0555282aace32,131.61901476,0,48.7488173,0,180.36783206,0.627089924961137,600.0,780.9949219874004
1335,0xad4f6b859854167783bb50ae0fb15c34f56a24a6,131.61860277,0,48.74865931,0,180.36726207,0.886961813630423,600.0,781.2542238875366
1336,0x4b21972ecc89f8e0356fb65f3e86866d3defb8b7,131.61815908,0,48.74848916,0,180.36664824,0.8803385691505546,600.0,781.2469868092519
1337,0x2a94c61af0514b94aa951eb71609c2640387198b,131.61771539,0,48.74831902,0,180.36603441,0.8786249391522415,600.0,781.2446593454488
1338,0x4c43ad8c27ea0e90a6e815c4f8871ba5032b88e1,131.61730339,0,48.74816103,0,180.36546442,0.6542778107597592,600.0,781.0197422285232
1339,0xef04a952e11c23e4625538e28b52408f666b0463,131.61692308,0,48.74801519,0,180.36493827,0.5049365084005845,600.0,780.8698747829028
1340,0x07394a15b0ea775d95efbe8104567d252dc14555,131.61654278,0,48.74786935,0,180.36441213,0.045738284306865995,600.0,780.4101504155478
1341,0x3400c928a7b59b4e9ecb49c6abe21269025191c9,0,0,0,0,0,0,0.0,0
1342,0x566f2a85efd6d00257897aa69664ae7d61890ae9,139.44499855,0,414.00083834,0,553.44583689,201.69739990829635,4800.0,5555.1432368014475
1343,0x45610e3fab579c5deeed3f6d41d6aa1f1804e8f2,173.21720586,0,68.77206767,0,241.98927353,0.27354406735194675,600.0,842.2628175985286
1344,0x863454f19edc7348b9fff91ef6d686438225eba3,131.61619417,0,48.74773567,0,180.36392983,0.9288780517961868,600.0,781.2928078850476
1345,0xd098c94f401a04027f79cfca3d188ebad99790d8,43.14721837,0,236.86628294,0,280.01350131,134.1213567506843,9000.0,9414.134858062773
1346,0x461ae76f03b48cc2b0596ce9ee79f7db5b08b343,43.14645788,0,94.75098644,0,137.89744432,0.016220899260860785,3600.0,3737.913665216744
1347,0x9f5840d408e956a0866a22d02f5da5ea47f35365,43.14525376,0,94.74833306,0,137.89358683,0.2278654870362696,3600.0,3738.121452312375
1348,0x7ac1d67f9dd133052882218d0e57d6592f6dd8ab,35.70967038,24.38599724,104.49859275,0,164.59426037,7980.843138100242,4800.0,12945.437398465732
1349,0xebc77df8764081248afeb0cd13f78218e4f9d390,35.70925845,0,13.06217298,0,48.77143143,1600.4686820286342,600.0,2249.240113456797
1350,0xd79aaed4f5dfcc55359f1de521fbf92342e7d86b,35.7088782,0,13.0620335,0,48.77091169,1600.5681979576123,600.0,2249.3391096516143
1351,0x995b95574d5f9333a3aba186aa00c50b988f9fc4,35.70849795,0,13.06189401,0,48.77039196,1600.3495140124367,600.0,2249.119905972277
1352,0x7885df7d40f04b164e480de69146f17599205542,35.70814939,0,13.06176615,0,48.76991554,1599.8299732125529,600.0,2248.599888749412
1353,0xb8e1f2bbb5760d4d9c8f08ad2eccff12fca58ff7,43.14398627,0,94.74554004,0,137.88952631,0.18083466806301535,3600.0,3738.0703609753546
1354,0x35fd34eeebabce2541c67dc98518cb91ea865096,53.67954633,0,58.99249231,0,112.67203865,8.695256621836943,1800.0,1921.367295267217
1355,0x9fc28637b80fa89789beb2d8e1bca40ec8a748e6,43.1434159,0,63.16285545,0,106.30627135,0.832587226237827,2400.0,2507.1388585750183
1356,0x07d3f5a4174fedacc1cf182001e9026138cb6372,43.14281384,0,63.16197099,0,106.30478483,0.6191823508653385,2400.0,2506.9239671826977
1357,0x3d62692aacc0010ed2b715241024fb9977ed6e09,91.98008181,0,101.42525467,0,193.40533648,0.6825233191310676,1800.0,1994.0878597989185
1358,0xbbe56529d025daccc26dcdcea84919376234e9dd,91.97868749,0,67.61580231,0,159.5944898,0.7425162503799544,1200.0,1360.3370060490429
1359,0xb0cda15cb22b56af4ddb3789096542206ef4634f,91.97767345,0,67.6150502,0,159.59272365,0.7422622637070516,1200.0,1360.334985912361
1360,0x4839d6d0c74fba33c0e9cfe7302ee28c0cebf0cf,91.97669109,0,67.6143216,0,159.59101269,0.79179842078709,1200.0,1360.38281111162
1361,0x67e11319b88d5c7cfcb427c5c67a1ae7678bfcc2,43.14202166,0,47.37060542,0,90.51262708,0.48268574367030154,1800.0,1890.9953128242298
1362,0x857187877a0b2c8460467a90a98061fba06788a7,91.97602563,0,0,0,91.97602563,0.2748574138065337,0.0,92.25088303980652
1363,0xd91346068218f2d9e7df08e9c27b91810f343034,53.67903931,0,39.32795493,0,93.00699424,26.945872703076965,1200.0,1319.9528669421572
1364,0x87b01cb9e9402d21a2c56f6252d3a80bc481731f,843.44736417,0,2385.41159079,0,3228.85895495,1186.0257943111342,46200.0,50614.88474926559
1365,0x816536af17689a3d9876aff47c5ab43fb3ed0190,674.76296156,0,1827.79675074,0,2502.5597123,1068.134482270313,35400.0,38970.694194568
1366,0x8ece1bb4817a565ae84721d0c23770b61211cff3,1012.14786474,0,2850.13346084,0,3862.28132558,1258.8075848480546,55200.0,60321.08891042518
1367,0x723ffa090667afc79e9cae31ad2f2cac7de02de5,590.4249115,0,1610.95964088,0,2201.38455238,1037.3711003094738,31200.0,34438.75565268831
1368,0x62c3fa67b7155442cd5897cc5462bdc61eabc0bd,1096.50917445,0,3098.01573389,0,4194.52490834,1043.6141061809592,60000.0,65238.13901452182
1369,0xcad25d727e19f2bdb245efbee1c38bad390663b3,16.38821246,0,101.75811018,0,118.14632264,0.6828747600742358,10200.0,10318.829197398285
1370,0x63d1a1f7e5690a51ceb5c5dbc242b42d7b3e9aa9,927.81928966,0,2602.34405664,0,3530.1633463,988.9623523615967,50400.0,54919.12569866546
1371,0x247b81901148a581e5a1c804cf83084055c6af13,1180.86756878,0,3345.88993547,0,4526.75750425,1353.059903081589,64800.0,70679.81740733524
1372,0x3602225681726bb0ae176bbfaa3a1aeb74115eb1,16.38669147,0,5.98521504,0,22.37190651,0.7661631818709135,600.0,623.1380696878724
1373,0x0906b23e42972c3e35fc718fa4868a6f514e21fa,1265.22190694,0,3624.73331343,0,4889.95522037,1348.9751633524352,70200.0,76438.93038372228
1374,0xf8cfbd1f9b3d297ea202559fb431c644f9759ba5,927.83358136,0,2602.38446093,0,3530.21804229,1062.587952251317,50400.0,54992.80599453695
1375,0xd0792175d76f144c7c21eef1b4ba5ca9e761c904,759.13970377,0,2106.70095804,0,2865.8406618,915.8569888646094,40800.0,44581.69765066663
1376,0xe3d9e92eb1e8080ba4f1b441cb8034dd2e45d5d8,759.14284097,0,2106.70973342,0,2865.85257438,915.785500387737,40800.0,44581.63807477045
1377,0x93f704431ce87fde5898c5dcbcee01ed501a953a,9.32302192,0,115.72316615,0,125.04618807,0.30210305274068433,20400.0,20525.348291126913
1378,0x3a11f3e2225cf3b4d3a8d618fda12acf0036f804,9.32064538,0,125.90050942,0,135.22115479,40.06727140374462,22200.0,22375.28842619738
1379,0x9e075fb30cb26176b832f47b247499c057a5fcce,759.09635335,0,2106.57969825,0,2865.6760516,891.2468494169942,40800.0,44556.922901013044
1380,0xa6679ac478f99e9c565db979d7c472c39cb60e9a,9.31982151,0,3.40245335,0,12.72227486,0.9857482886203653,600.0,613.7080231444959
1381,0x513e792c3306ff00d60f91881e43f2968e8003fb,253.03325858,0,650.56433381,0,903.59759239,485.77652530207405,12600.0,13989.374117696629
1382,0x08ab3a1ffbbb00f6cc7e8b96d2bd14f413e0efcc,42.05410159,0,15.39073566,0,57.44483725,0.8131853674466478,600.0,658.258022616116
1383,0xc109b368ab86eaee656c72ad2a39aad5a01adf3c,16.38745196,0,23.94197246,0,40.32942442,0.7009324621050707,2400.0,2441.030356878421
1384,0x81148283c6a820db1eae13feb8c75a4a36d897b7,40.78397954,0,14.92441447,0,55.70839401,0.13963938648887977,600.0,655.8480333923501
1385,0x3e8464a87ce77dd3941b4a67fc86b14e86245f68,122.43917615,0,316.80131092,0,439.24048707,0.638206904563304,4200.0,4639.8786939739
1386,0x92534b4552c7a4db8129ff43244bf1a2f75a18b7,122.43863739,0,226.28562876,0,348.72426614,0.42305448171695,3000.0,3349.1473206259943
1387,0xd76c8dd2d97f8cb0ddde3bbdd38926ade45eb4c2,122.43797185,0,362.05498629,0,484.49295814,0.2967974975335576,4800.0,5284.7897556367025
1388,0x34d9e55a74eb3ee6e6c93e18580f0b274197379e,44.10648801,367.61901312,258.3103622,0,670.03586333,10.823918250088212,9600.0,10280.859781579053
1389,0x4d7c6875c3f87dea3865919ce2e8218e7dfa3ba6,44.10509377,0,193.71959674,0,237.8246905,0.3095681857048012,7200.0,7438.134258688493
1390,0x896a6924aef27afdc4c3881737086ad10509595e,45.55805153,0,300.19663152,0,345.75468305,0.8464596751829976,10800.0,11146.601142729662
1391,0xd7ebfe59d7de6ee8d472ec95f2add37b149638b7,45.55852684,0,300.19930968,0,345.75783652,0.4501156881943454,10800.0,11146.207952212108
1392,0xd5cb3c3e7e699841686e1191ae8eb8fe89b2d0f6,45.55900215,0,283.52769567,0,329.08669782,0.8611890900812932,10200.0,10529.947886913342
1393,0x2546437bd222dc4a82c588504ebb193ea5754dd2,44.10379459,0,209.84643018,0,253.95022476,0.5234091335682,7800.0,8054.47363389602
1394,0x2311fb0bd495576fd68e6ce8dd1bc2d625c624d9,45.55954084,0,300.20505026,0,345.7645911,0.7301172215393104,10800.0,11146.494708322087
1395,0x7175f453f4293b6731799952d35aa7950a18dad9,45.55995277,0,283.53363417,0,329.09358694,351.3102817802838,10200.0,10880.403868720172
1396,0x5a1ad089be7d5871e2bc6a0dd1dc50a6fb83e63a,45.56033302,0,283.53600957,0,329.09634259,0.3814260042033174,10200.0,10529.477768590743
1397,0xf14bf4984636d47083ebddabd9cb5a5799c7dfb4,32.96862387,0,156.74154665,0,189.71017052,0.17376497860672122,7800.0,7989.883935495546
1398,0x1fb336ad4c9b9327f083fbc1bb70c7f3cc6ee630,45.56077664,0,283.53878087,0,329.09955751,0.8894480000013714,10200.0,10529.989005507634
1399,0x430f482aae6eb4d8b1b3b7ef80e9ab3e09917289,45.56115689,0,283.54115627,0,329.10231315,0.9585287048521046,10200.0,10530.060841859136
1400,0xa6d798c5bb1d6175964ec0e2cc9b3f5d7ef01516,44.10255878,0,193.71603454,0,237.81859332,0.3930477829417166,7200.0,7438.211641106435
1401,0x8ca839d823d9003c0b120470ec78f20f1eb2e298,44.1012596,0,177.56778151,0,221.66904111,0.12558263707386677,6600.0,6821.794623749265
1402,0x9be78ba5d5ebc2f55eb48ee873e27c1ed4d1fa0b,44.09967524,0,145.27749181,0,189.37716705,0.016290550018910176,5400.0,5589.393457601231
1403,0x1f37192be8a905d80cf17161578e1e26c43406ce,44.09875631,0,161.41605942,0,205.51481572,0.17681126237377756,6000.0,6205.691626986553
1404,0xfe2853c909fba691dd826a13b4be50d0b6b72e85,44.09799581,0,161.39501286,0,205.49300867,0.3895199560955394,6000.0,6205.882528628826
1405,0x72b9007f8ff48b5aa07d741b8bd821cb7edde09b,44.09710857,0,209.81540702,0,253.91251559,0.2461525011398322,7800.0,8054.158668091117
1406,0x074d4a2d3baf280d93037f0b244a10f233aac85b,218.37178756,0,0,0,218.37178756,0.469618056800147,0.0,218.84140561510017
1407,0x1a1e48b57422c5449dda99f5f41776461743b076,436.74064025,0,236.80424602,0,673.54488626,0.6350613489671308,600.0,1274.1799476103001
1408,0x8c4bb4b3849d91264bda37ce25f6da24a3787e84,436.7385986,0,236.80263621,0,673.54123481,0.6405969503365933,600.0,1274.1818317564191
1409,0xdd8a88723fd395fc01ddc2331ffade2c3b258833,2.42526964,30.93337174,107.07915734,0,140.43779872,0.49265388739600796,72600.0,72740.93045260513
1410,0xc145e37cfd68d743ed5c43f71cf34dbd8eb2c672,21.69906731,0,95.14398073,0,116.84304805,0.6310781640170968,7200.0,7317.474126209031
1411,0x3ebb6b608cf45eb88f64ea18ac5d05d136dd9e24,365.70278111,146.28111244,0,0,511.98389355,599.814888399808,0.0,1111.7987819469479
1412,0xaa9a3b137f9377d94de6149694a41c1cbf8bcd97,21.69995455,0,95.1478781,0,116.84783265,132.5793031496607,7200.0,7449.42713579962
1413,0x28cb21adb620476e42fbd30db89cd9b68f8ba3b3,21.70068336,0,95.1510795,0,116.85176286,0.3268108234501918,7200.0,7317.178573684616
1414,0xb7b5c864e4250a56284f877583d980f18d8d2e40,182.28517487,308.4700755,922.84182205,0,1413.59707243,0.31996551322237193,7200.0,8613.91703794652
1415,0x96130ac84be769e32506cefeb9cdc93cf661d8ae,182.28568208,0,845.94337351,0,1028.22905559,0.2820545787732804,6600.0,7628.511110168377
1416,0x62ae47ef4716411241949ce8a02524b2d6ee5b24,182.28615758,0,845.94809535,0,1028.23425293,0.4176145470063102,6600.0,7628.65186747919
1417,0x4969460e1f66c21165d269e12536349822d945ce,389.97970401,639.61834535,1410.62164127,0,2440.21969063,52.212823356141925,4200.0,6692.4325139856755
1418,0xf43202133cd3be8cc6daab4f19a957fe75f054cc,389.97628022,0,1209.0896707,0,1599.06595092,33.24793063888926,3600.0,5232.3138815631055
1419,0x753aa97d85ec4085b12a2d952990d2411d17bfb4,53.67843722,0,609.54189228,0,663.2203295,1.5186664193145416,18600.0,19264.738995920256
1420,0x29520de1b05463be8035a7439db4700652e03f7a,389.97260282,0,1209.07399648,0,1599.0465993,32.86203992087383,3600.0,5231.908639222435
1421,0x2b1f1f9e2a61d2839aaf9181b1b8c4ed198388cb,389.96955945,0,1209.06102472,0,1599.03058417,33.38596626461299,3600.0,5232.416550430184
1422,0xb4f680bab73263f62183436fdc84f7a5620df734,53.677645,0,58.97816843,0,112.65581343,7.6599344943888585,1800.0,1920.315747924545
1423,0x136cccdfab453a3ddb72125f8494ff977423f290,389.96461398,0,1209.03994559,0,1599.00455957,129.6977283748025,3600.0,5328.702287944388
1424,0x436eb9917f67740fe76a2fe5e3dc40fe83a2fba0,53.67710629,0,39.3265318,0,93.00363809,1.6174460358035094,1200.0,1294.6210841248821
1425,0x429d089a732a930b9d59b58654262cc0445d0cf0,53.67656757,0,39.31560217,0,92.99216975,1.5069527150135609,1200.0,1294.4991224642324
1426,0xaae07e3ac72c9050c90e29a5d1b48dd355b1c25e,53.67596549,0,19.66284596,0,73.33881145,1.4941028002989243,600.0,674.8329142483435
1427,0x2638e63906f6865f2a86eeb9e108d15f39dbe0ab,45.5631215,0,283.55342916,0,329.11655066,0.9654025429814916,10200.0,10530.081953204965
1428,0x46078190f107fdf8fb9339f6fc2a170276f66aee,1635.91123132,0,611.73548762,0,2247.64671894,5419.123931284167,6000.0,13666.7706502225
1429,0xca4c64ee04d76e05a8572b1e3c48d100835f3262,2926.96046581,0,1380.00938039,0,4306.9698462,2040.4921131414726,6000.0,12347.461959338783
1430,0x4bb22f54c40d9b784d29c827ab4c38f1571b00ce,2926.94651634,0,1380.00087067,0,4306.94738701,2040.163577770123,6000.0,12347.11096477883
1431,0x544c646c18e478e7cc7b1649cd8a5f312f360f03,2926.933835,0,1379.99313457,0,4306.92696956,2039.8398896094252,6000.0,12346.766859173946
1432,0x5f2c3c550a9ba1c75822339983aa40dd74d6ecad,2926.91608112,0,1379.98230402,0,4306.89838514,2040.2899192340733,6000.0,12347.188304376736
1433,0x5d574493c49ce65b933b2df84d1bc4727e211eab,2926.90213165,0,1379.97379431,0,4306.87592595,2040.434132254605,6000.0,12347.310058208663
1434,0xbd4ad1a41c1273cbeea81f2163d55bd5be9ce8f2,2926.88818217,0,1379.96528459,0,4306.85346677,2040.5514874561434,6000.0,12347.404954221598
1435,0x5927019d10ce4cbf1a301f9e2ca48d1f4fa54d8a,2926.8742327,0,1379.95677488,0,4306.83100758,2040.0347146323857,6000.0,12346.865722209237
1436,0xdfd9af421c6c6092c546df8b6c2bace186152cb9,2926.86155136,0,1379.94903877,0,4306.81059013,2040.5197712769937,6000.0,12347.330361409659
1437,0xe257d99e834eabc51140c9ddb71ab22632339016,2634.1628417,0,1241.94647615,0,3876.10931785,1836.5960951486495,5400.0,11112.705412998304
1438,0x116d92ba9b03b77554e6c85cd028b4d578308fcf,2341.4628639,0,1103.94313992,0,3445.40600382,1632.4499966891535,4800.0,9877.85600051138
1439,0xd714393fb0993c0ebc30c0d99084173b13e863f7,44.09647482,0,177.54844558,0,221.6449204,0.8763251150372612,6600.0,6822.521245513674
1440,0x2432bb64332ac70b00ebfc1ceaa352f3c3b4ad8c,44.09542914,0,193.68460347,0,237.78003261,0.7390926580946312,7200.0,7438.519125264804
1441,0x41f2294524acf7f64cc51b8016261acb57ccfb7e,44.09482708,0,177.54178685,0,221.63661393,6.131638535191413,6600.0,6827.768252462936
1442,0x17d5c14bcfe0cc861f91b3ce4aa435dfc0cde0cf,44.09406659,0,177.53871359,0,221.63278017,0.4971151288153764,6600.0,6822.129895300764
1443,0x7cb92807d6a870e2d27849d116adf21a7154781b,44.09311597,0,177.53487201,0,221.62798798,0.23617898990337338,6600.0,6821.864166967106
1444,0xe3a36dbf1ec76b346cad3e217bfc824a2a17b7b3,44.09219703,0,177.53115849,0,221.62335552,0.3856572208256564,6600.0,6822.009012743107
1445,0x70dad2d63c6d02bbce688029a37d8b858b9463b4,44.09080279,0,225.94157622,0,270.03237902,0.22356913083936472,8400.0,8670.255948148988
1446,0xaa732c086df0e9c2493e450815d531ad92008ccc,2.42460411,1.98558775,217.63600531,0,222.04619717,241.35465473497973,147600.0,148063.40085190683
1447,0x8df3365fe57bf844dd7d573f00109c31613defff,43.47836284,0,0,0,43.47836284,0,0.0,43.47836284415
1448,0x54a4e2d4aa2d1e4e7b035ab2680eecfe4fdc68f2,43.47783998,0,0,0,43.47783998,0,0.0,43.4778399773
1449,0x1f1ac32fc05c6b3511556229e842cd724419f101,335.44184237,0,0,0,335.44184237,0.8568062548198463,0.0,336.29864862546987
1450,0x2eafcdd4c315fe8cde6a7571ea2f55b345d56774,415.57026513,0,1321.46423463,0,1737.03449976,21.85011947254942,3600.0,5358.884619229572
1451,0x2eeff0f3ab579417a5756abf7115ce25d8caf58c,365.70278111,525.20209587,0,0,890.90487698,502.13472128958176,0.0,1393.039598269309
1452,0xd6773687ce428cdb40e8e87b9eb1f562bee820e0,151.85622706,140.99056653,113.12084674,0,405.96764034,576.9991088994858,1200.0,2182.966749237619
1453,0x3c01675e9c80eb2607c17356643218e8fc31d3b0,365.70278111,0,0,0,365.70278111,428.4391345727199,0.0,794.14191567782
1454,0x3c8762878a054a97191cb3df4fb3c24060cd9e17,185.68892045,0,1039.81930353,0,1225.50822397,0,7800.0,9025.508223974726
1455,0x91d28a1ac35c3ed2fec96c82950587af7e4c5132,731.40556221,0,978.18026295,0,1709.58582516,378.361621891487,1200.0,3287.9474470472783
1456,0x17252911ed7754ae5ae3ed5ff04a22c37cd26be0,365.70278111,0,0,0,365.70278111,428.4391345727199,0.0,794.14191567782
1457,0x6029055eab9c0ac4b73d7f9f6a27af9867c798a4,46.15098429,21.05714583,185.85086744,0,253.05899756,12.473548828239672,6600.0,6865.532546390086
1458,0x314dc71475ae1954de89e55633ef4ff1868e83f9,46.15054067,0,84.47739177,0,130.62793243,104.55212254940957,3000.0,3235.180054983124
1459,0x635767516abc95a2f672f630e81bb65fa6a98a37,46.09521464,289.55011375,33.7502922,0,369.39562059,108.37554883089133,1200.0,1677.771169422413
1460,0xe22a1f210eb4f25f8556a909dc6c3111c9bb72c8,731.40556221,268.12382814,978.18026295,0,1977.70965329,623.492089864167,1200.0,3801.2017431552654
1461,0x079b0218bf3bd9480edc00ee4a7172757b969426,731.40556221,0,978.18026295,0,1709.58582516,506.9635511778591,1200.0,3416.5493763336503
1462,0x414029eb080a61a70523b495554d6d29312cbfe6,276.45137685,211.7576216,128.26956103,0,616.47855949,77.13200160483332,600.0,1293.6105610962495
1463,0x0e073141afcd9b4c56ba26f4540c20b9aeb81256,468.89731255,0,1841.12483918,0,2310.02215173,116.86361829239812,4200.0,6626.885770022307
1464,0x48bede753e209bdcb8c4ff61f35523b6b5bb1e5c,34.62808777,36.39342612,63.32298513,0,134.34449901,4.277998684335205,3000.0,3138.622497697768
1465,0xae2a46806b06929eb328e6219e2c650df2e4b607,63.60977017,392.3339188,46.64464103,0,502.58833,0.384657931122264,1200.0,1702.972987927435
1466,0xe3f4c1746b5a1c7ca218ccb8a8ab29e73d451238,150.7352141,0,729.61289226,0,880.34810636,690.2853939718009,7800.0,9370.633500331374
1467,0x98932386e8d3bf01a3aae53557f2c20ed57723b4,441.05298701,68.12946778,240.24689399,0,749.42934877,0.0907263112381151,600.0,1349.520075084715
1468,0x1f135a4c03466dbc7089da1c3a2e163493df24c6,441.04647925,0,240.24169076,0,681.28817001,1892.6994704210408,600.0,3173.987640428887
1469,0x64436d5b4864f0884ed0ed65c7cabe83a5c8f2d2,52.05295509,0,381.31363304,0,433.36658814,0.8670079446150551,12000.0,12434.233596080367
1470,0xb8c2e7f0acac65c09cc4e4d423177e73c975ea95,52.05213118,0,381.30757055,0,433.35970173,0.21923834844065518,12000.0,12433.578940082667
1471,0xe6ccd67e2d544d66c674485abc5842ba8eef3e0f,52.05140234,0,247.84643493,0,299.89783726,0.8736736518044192,7800.0,8100.771510916578
1472,0x304b57bc4bed25becb017acdacadb9986aa4a24e,52.05041998,0,381.26333846,0,433.31375844,169.8111307014483,12000.0,12603.124889145134
1473,0x75c78eeb291d6c0dbd18a1d8c3b815c164e369e7,52.04975452,0,190.6450413,0,242.69479581,0.7520564314220409,6000.0,6243.446852246391
1474,0x9324517818bf5e6b308b951c4bffe72e8b39d367,70.80121745,0,25.97476325,0,96.7759807,0.6775021615218352,600.0,697.4534828605046
1475,0xd7c6320dc1cf2ddb4e050a970a5e93265b697798,70.80181954,0,25.97498542,0,96.77680496,0.54565557816709,600.0,697.3224605374868
1476,0x82d5e74469523dece90f0e83bb04ccbd9e917b71,63.60736181,0,419.78578908,0,483.39315089,0.24403128743953836,10800.0,11283.63718217661
1477,0x67fa2151c338e8352d7ec5ef43c920f6fde8803b,70.80232656,0,25.97517252,0,96.77749907,0.4118361780366938,600.0,697.1893352513245
1478,0x56812916c789f85de4af0d93091e0319b8eca421,63.60672803,0,396.46038467,0,460.0671127,0.0874172592697122,10200.0,10660.154529960704
1479,0xab6902dcbc5e6d6bc9f9bd8c0a640e2ba40c1f38,63.60609426,0,396.45641298,0,460.06250724,0.7588550563531006,10200.0,10660.821362296541
1480,0x3f60c365265b5d805f350567e46685d81338355f,93.866015,0,793.67612732,0,887.54214232,0.7946840735040539,13800.0,14688.336826397901
1481,0x618be881846df4034af05b4bacd600c209c16bab,63.60552386,0,396.45283847,0,460.05836233,0.14907670849970675,10200.0,10660.207439033564
1482,0x4be8b4a7d0b418271b57ed42ad661c93be85f213,93.86531784,0,897.19242816,0,991.05774601,0.031583716414249584,15600.0,16591.08932972154
1483,0xbed10a034f3e5a997d9e525b5c82723c7c61682e,101.40470054,0,582.559257,0,683.96395753,0.2768207522772757,9600.0,10284.240778287278
1484,0xd9998c24e5966bbb5e2da8d5e1acf122eb665a33,93.86446224,0,759.1557812,0,853.02024345,0.5000123669573288,13200.0,14053.520255812988
1485,0x1dd800bcb99cbffccabecab5746aa6d4928958b3,21.56830156,76.09368723,31.57642355,0,129.23841235,0.06609109273288662,1200.0,1329.304503442325
1486,0x50c827a665639ee09e7a3b4f370b1f195b3eddb8,53.12198014,0,291.36557832,0,344.48755846,50.888273788890835,9000.0,9395.375832246342
1487,0xccdb43f6016e60ab59a243250b0dfb5e957a49b1,39.93073561,0,233.77761084,0,273.70834645,78.82555702048558,9600.0,9952.53390347086
1488,0x06b7bc759fb4ea6efc07a48005cf5afd7541bda7,225.17315442,2110.77116617,495.5957405,0,2831.54006108,243.96457486820452,1200.0,4275.504635952049
1489,0x31c5502b5c361b46d950cee1bdb51dddd84b416c,39.93016524,0,219.1632371,0,259.09340234,54.745808318938245,9000.0,9313.839210662707
1490,0xe252c24a00d91f41846c872c9bbe934d789bbb60,93.86379678,0,1035.20168321,0,1129.06547999,0.7178156284284404,18000.0,19129.78329561592
1491,0xad875664eacac444f13804233862cafc63afd776,450.3977355,0,1487.03904107,0,1937.43677657,499.1074419642956,3600.0,6036.544218532914
1492,0xcb6b4817d059acd716933acedc915aa9b1aa4554,39.92965824,0,204.54958458,0,244.47924282,55.36337841906362,8400.0,8699.842621241556
1493,0x803c8371a4846076ed8071330310f1ab85e9c07d,450.39390721,0,1239.18357924,0,1689.57748645,345.61787270776426,3000.0,5035.19535916158
1494,0x79ead1cd0a6d8f41d5bdb37f057ed665f7711c9b,450.38956849,0,1239.1658747,0,1689.55544319,345.45840585648307,3000.0,5035.013849048442
1495,0x3fe80fdc2c79505c35a9c15dc73bb715aa73e73c,21.56868181,0,47.36547324,0,68.93415505,0.06080003305037056,1800.0,1868.9949550832985
1496,0xa4a9de7249a873992687911611d086c429594f7f,68.43716213,86.4848651,25.10256299,0,180.02459022,149.63338035927092,600.0,929.6579705832158
1497,0xa354ddcf694d66d4833bedc55fae2422a91675da,1.59753538,0,8.74316932,0,10.3407047,54.10436787839845,9000.0,9064.445072573919
1498,0xe1547daa774a4d1c220bedb221f62b6e2519c865,450.38089103,0,1486.95655876,0,1937.3374498,0.1486462567526958,3600.0,5537.486096051809
1499,0x1c622d9182cf2f058f10152de922e9f8ce383114,450.38739912,0,1239.15702244,0,1689.54442156,344.84881639428414,3000.0,5034.393237955315
1500,0xdf532a1fbc4e792030f5059357e7d7ab61d99984,68.43944373,0,552.27490136,0,620.71434509,572.1505064630915,13200.0,14392.864851556957
1501,0x2ccc9d981f1c7ac6d04d81233fd388ae43436136,450.38344323,0,1239.14088007,0,1689.52432329,327.51330637459944,3000.0,5017.037629667468
1502,0x7b21256f8ab9bdb455625535c24aff2d202b0a29,365.70278111,0,0,0,365.70278111,488.52900953881993,0.0,854.2317906439199
1503,0x14e168c36855cba7d6eac2b99d98824b923d09fe,70.80292865,0,25.97539469,0,96.77832333,0.3438669201766702,600.0,697.1221902538015
1504,0xfee79bd33184b8c49aff67996ee2dd04ef29c7b2,1.59715507,0,8.74108751,0,10.33824258,53.689908722196215,9000.0,9064.02815130114
1505,0x04af7040b26640c7664842ef26f74562a5bc7d2e,450.37808362,0,1734.76661366,0,2185.14469728,0.17031216403241736,4200.0,6385.315009448461
1506,0xd0462203032b2ffc76aa726ee4e821935e29c8f7,450.37400012,0,1734.74328533,0,2185.11728545,0.7901809114533681,4200.0,6385.907466359609
1507,0xd433dbbc3eb4f2507cb8191dab5013ec392d1c98,1.59674307,0,8.73883221,0,10.33557529,53.862801004218085,9000.0,9064.198376290205
1508,0xd4c6cb86d0a9816526f0008cc07128dfb9505db8,450.36915095,0,2725.98163034,0,3176.35078129,3.6072768260891066,6600.0,9779.958058113862
1509,0x0cde881f0d469278ba9d33ab7f2ea797dc69b136,4.8966196,0,17.87121555,0,22.76783515,0.4038125462614088,6000.0,6023.171647698522
1510,0xd0841e4f22af88d109f8d943941faf74f7c8e553,365.70278111,36.57027811,0,0,402.27305922,471.28307303199193,0.0,873.5561322476019
1511,0xd461f5bbc43567093052372b6b8857968bafa342,4.89519346,0,19.65260913,0,24.54780258,0.011489445553998608,6600.0,6624.559292028816
1512,0xe26c30901f635ccb3c34eeba12be28f4cdc45f95,70.80353074,0,25.97561686,0,96.77914759,0.4319117428535074,600.0,697.2110593368153
1513,0xf991d30c3560c6b1819845e596f36636d27ecf1d,365.70278111,0,0,0,365.70278111,428.4391345727199,0.0,794.14191567782
1514,0x74ed051a7f6396b6b704ed35ee468baf995e529a,70.80403776,0,25.97580395,0,96.77984171,0.9584410800624797,600.0,697.7382827879924
1515,0xebfcafa68a097289e59d9dcc39945c113b2ed39e,4.89398916,0,17.86161106,0,22.75560022,0.48852935524468305,6000.0,6023.244129572386
1516,0xe3e6e8c79f83e2f04586e2a2d6e325ca3346000e,4.89272147,0,17.85698239,0,22.74970386,0.12704629091637595,6000.0,6022.876750153783
1517,0xfb4062c88aff911e19530d65c9f80843c0620505,10.30009982,0,41.36669185,0,51.66679167,0.4323943640589132,6600.0,6652.0991860343265
1518,0xb72eb082784093deefa6c48f6de18b9d129faaf7,43.09832487,0,189.28891048,0,232.38723535,289.6641448432782,7200.0,7722.051380189543
1519,0x45c28bb7fa666099316b68ef66cd38a0ce2563c0,70.80457647,0,25.97600273,0,96.7805792,0.5142535457087339,600.0,697.2948327497297
1520,0x0168733bdeeb2bdd3f853a6298e986b391c75732,43.09648701,0,141.9597914,0,185.0562784,0.03286942250511868,5400.0,5585.089147824289
1521,0x7ade19cd790f7f3d3bf4d7e316a2a0ee666deb89,93.863163,0,310.52345265,0,404.38661564,20.522332365343015,5400.0,5824.908948009759
1522,0xb56058f597b5c1178230c4c47560395b462434de,93.85197682,0,103.50745317,0,197.35942998,0.5775002809054388,1800.0,1997.9369302656883
1523,0x31852d4139d13d681fc256f403d3d1b1d5f394ce,450.36289808,0,2478.11408777,0,2928.47698585,34.79899855330489,6000.0,8963.275984402033
1524,0xe8b8132b9adfe397f8d3cd101ffa149c5dc06a93,46.09645045,0,1181.29201788,0,1227.38846833,162.06451272597025,42000.0,43389.45298105172
1525,0xc14d554c56c681a25e449ad6a3cd71dac61e430d,10.30330024,0,45.13689815,0,55.44019839,8.519525106370514,7200.0,7263.95972349642
1526,0xb0fa7af8c28a1c745e085050563b40da4618bd87,46.09702082,0,1181.30375609,0,1227.40077691,40.08933387260518,42000.0,43267.490110779596
1527,0x6f81c2d91733ba023f013c604955993679722ab0,10.30225456,0,45.13674764,0,55.43900219,0.3168499832257654,7200.0,7255.755852174967
1528,0x7a47413aa7323bd23267aab18d06fe41dc226190,93.85134304,0,103.50674815,0,197.35809119,0.13194628416006599,1800.0,1997.490037471847
1529,0x1fcdd17f44366689830e43690e503cada7fa7bb6,4.89154887,0,17.85270087,0,22.74424974,0.8407563859416848,6000.0,6023.585006121105
1530,0xdb96ec76e72a4ace75585c6c3f4aa3af3e923e93,10.30146237,0,45.13327431,0,55.43473669,0.9470460408844902,7200.0,7256.3817827284365
1531,0x4e0eb751b7925193ce5ba20829e96eca659a9800,93.84956846,0,103.5047741,0,197.35434256,0.1385110063654784,1800.0,1997.4928535621837
1532,0xab19f59c607076242b845d4bb30fffff3ad151ac,93.85026562,0,103.50554962,0,197.35581523,0.13928235370385458,1800.0,1997.4950975863276
1533,0x05e5816fcf1b868e2ecead6300c9df6846cb991a,227.65782288,59.16551743,303.57051642,0,590.39385673,0,1800.0,2390.3938567271184
1534,0x25bc9bbfee717a3061bff37d2572ee0fbe3ad36d,93.85080433,0,103.50614888,0,197.35695321,0.11594031164041778,1800.0,1997.4728935217956
1535,0xbe3b8df3658da2ac9f13e6271d95dd4fc74edbb3,84.36501731,0,185.92127793,0,270.28629524,539.336468258948,3600.0,4409.622763502327
1536,0x06f880d846877fc5666e8f59f3c47a453512fa36,45.56166388,0,283.54432347,0,329.10598735,0.7159425713870479,10200.0,10529.821929921207
1537,0x2923582ba0166c24babbf9f8d348f2793a74a6f5,0,0,0,0,0,0,0.0,0
1538,0x2cd13d12e573e82301d62cabcb548bb1dd081ae2,365.70278111,0,0,0,365.70278111,428.4391345727199,0.0,794.14191567782
1539,0x32a35d3bb8e5dae6f080150291f4dcdb186e794b,0,0,0,0,0,0,0.0,0
1540,0x065218e8da8e0c6d2d0f4b9427105eeb9e238f19,731.40556221,36.57027811,489.09013147,0,1257.06597179,654.2292680160816,600.0,2511.295239809587
1541,0x4766694b0f11f85d8d6e0be6227e1e4d054bc07f,16.09133414,0,17.63167436,0,33.7230085,0.8950906996884075,1800.0,1834.618099197095
1542,0xf9b40cfb4d469594175383046066c0a77d81df20,16.09190451,0,17.63229997,0,33.72420448,0.5323473558149827,1800.0,1834.2565518397348
1543,0xaac7174fb634481c92f4cc06db3162ac79b4fbea,16.09250657,0,17.63296034,0,33.72546691,0.8839525042573183,1800.0,1834.6094194183856
1544,0x1fcaaa32a8acfcd0cc51dafb1cb6cee6a39c2ecb,16.09304526,0,23.5114016,0,39.60444686,0.04524021821237872,2400.0,2439.6496870754077
1545,0xec75e5fb2705c1a3564f1fc503059a57a3715a70,16.09386913,0,17.63445487,0,33.72832399,0.8283850617832925,1800.0,1834.5567090548043
1546,0x6d134ef19eb166ecb6fe7c9a8b984afd2a444bf8,16.0944395,0,17.63508048,0,33.72951998,0.271650696323253,1800.0,1834.0011706758576
1547,0x0b15982301a5f41eb177c66d075ad204c7613f4d,16.09494649,0,11.75709106,0,27.85203755,0.8675770716918028,1200.0,1228.7196146221966
1548,0x2734e4f391b7a15ba7e739eb5f5de60e93047751,16.09900247,0,23.52011387,0,39.61911634,0.25638222574641,2400.0,2439.875498565067
1549,0xa8ca8ff57356bba62564d1fa79ce9e3fdce76b6d,124.10605384,0,45.88983126,0,169.99588511,0.7267627481999784,600.0,770.7226478559476
1550,0x1df2c576657fc2b0e4dfa7da4320162e545e276c,124.10478616,0,45.88935015,0,169.99413631,0.005348855978048608,600.0,769.9994851646372
1551,0x46ff9bb15efdefb48b4bd77b631342871e971e09,124.1034234,0,45.88883295,0,169.99225635,0.5803450301443542,600.0,770.5726013797837
1552,0xf083348403ca144de31dc40906bdb56e4efdd346,180.30086916,0,75.11475637,0,255.41562552,0.269020212985796,600.0,855.68464573506
1553,0x528c9b7f9af2f97669c2238b10505843a1f59ead,180.29966455,0,75.11367202,0,255.41333657,0.8643909088106605,600.0,856.2777274759676
1554,0x43414cb67754809ea2ca9c41e2d826ec7168b61f,180.29395851,0,75.10853564,0,255.40249415,0.5679914900888999,600.0,855.9704856392163
1555,0x34ffd8463d3ea99fcdc3fa3758e683ee4bd3f118,180.29069339,0,75.10559649,0,255.39628988,0.06030050942159986,600.0,855.45659038601
1556,0x47262907ccea4761514e3d47d6ee739a298d44e2,180.28793547,0,75.1031139,0,255.39104937,0.1934099498709424,600.0,855.5844593244118
1557,0x2d34bab7b80589238afe53ae2691ec0212b75eda,180.28448015,0,75.10000354,0,255.38448369,0.4002230846415006,600.0,855.784706772709
1558,0x29b20b65f3de70a1f7a266ac3bf04b114b56df6a,180.28121503,0,75.09706438,0,255.37827942,0.6599567621957444,600.0,856.0382361777242
1559,0x027605be3e52b6c4a28d91766e2a104c80d55155,47.66348249,29.53632519,1029.63871843,0,1106.83852611,493.2690744624856,35400.0,37000.107600571
1560,0x3b6caedb018f4d9a857c1a9f9afbebed392fedb8,47.662215,0,52.35326319,0,100.01547819,0.8849041348576397,1800.0,1900.9003823253217
1561,0xb80f7d0f0a68d935e0be4971f081564cb320b41e,47.66161294,0,17.45086642,0,65.11247936,0.2603055833800228,600.0,665.3727849436705
1562,0x046496124a8f1e8a0478b8ea509950d3094b5a94,47.66110595,0,17.45068005,0,65.111786,0.5228778003028086,600.0,665.6346637954866
1563,0xaf3eec923cbf2cb3cce66a7309a0e2f8c1d4bddf,47.66056726,0,17.45048203,0,65.11104929,0.182661337715178,600.0,665.2937106324731
1564,0xf77596ec4a99c1b31822f2c94655b5ce37614cdc,10.30079694,0,45.13035672,0,55.43115366,0.7842529992446202,7200.0,7256.2154066632775
1565,0xbae6b8cb6ab048b2b9835854eb80e260502201b7,23.84538263,13.4984759,0,0,37.34385853,0.5524909805516454,0.0,37.896349514858706
1566,0xcf20793e23d83cab90c1831c27f71bc617490484,47.69238131,0,87.29458788,0,134.98696919,32.98177704817853,3000.0,3167.9687462349875
1567,0xb31793feba07adf4dfdcd48b515edba64250167a,7.76272636,84.20007911,155.85521997,0,247.81802544,22.41965631986456,33000.0,33270.23768175915
1568,0x3fc780e20c11fdb9ba1224cc8aed53b45550880e,857.10499039,0,846.85934787,0,1703.96433826,4601.527871459123,3000.0,9305.492209724085
1569,0xe2a989c8e91e528cb461437a89f761f084d80df6,7.76114175,0,147.32481722,0,155.08595897,561.2577792550518,31200.0,31916.343738226344
1570,0xacf6f03b36d5f4b7b8516c710d12c99c6e4e8a09,7.7605396,0,152.97928041,0,160.73982001,552.1096688891581,32400.0,33112.84948890265
1571,0x59842446bd78d34875c25fcf33bc41150af1af4a,10.69184991,0,50.74867825,0,61.44052816,322.54971774852186,7800.0,8183.990245904271
1572,0xdfc952d83791b78c585eaca37b7a2fc8dd35757e,66.40156226,0,48.70342576,0,115.10498802,0,1200.0,1315.1049880204896
1573,0x53b4edd12328722fc9d8e6184ac7be57a120c687,66.39940741,0,48.70183635,0,115.10124376,0,1200.0,1315.1012437635702
1574,0x7634b34735bfcbaf5856df6fa7d43c3a7cab0974,66.39890039,0,48.70146237,0,115.10036276,0,1200.0,1315.100362761942
1575,0x6610d3f476497e7332acf0b9529afc026f358953,66.39842506,0,48.70111177,0,115.09953682,0,1200.0,1315.0995368229158
1576,0x186b464c3cabe87a40801dd7757eb3501f1d81c7,66.39788635,0,48.70071441,0,115.09860076,0,1200.0,1315.098600758686
1577,0xca2eb91157d76a556258ef0aaf36b0ddfd3656f2,0,0,0,0,0,0.116879849999909,0.0,0.116879849999909
1578,0xc1f2a22e387263a4a457652b5200451b17921bc1,365.70278111,36.57027811,0,0,402.27305922,471.28307303199193,0.0,873.5561322476019
1579,0x47ec15d05f696552d472c073e4320995cc9819bb,365.70278111,36.57027811,0,0,402.27305922,471.28307303199193,0.0,873.5561322476019
1580,0x09662fe1d9b561c96fe45610a30fd367171f4623,166.74646594,39.87980489,63.08443103,0,269.71070186,632.6017025396101,600.0,1502.3124043971875
1581,0x44cd3945f8551aa21f2c7d9070102fa65495ce8d,83.37356582,0,315.42481592,0,398.79838174,1489.763178479488,3000.0,4888.561560223463
1582,0x387b257f309a19e1fc81a5b4820273806d2977b5,34.36612886,541.50714084,12.56954727,0,588.44281698,0.3313383403157611,600.0,1188.7741553165743
1583,0x3fb705710dd6e5040f177a199b1662d11aa61c81,365.70278111,0,0,0,365.70278111,428.4391345727199,0.0,794.14191567782
1584,0xc05289da0c38009b7d5f0e574fa7688fe88f9047,365.70278111,0,0,0,365.70278111,428.4391345727199,0.0,794.14191567782
1585,0x094e8dce91602b8d0dc639832c146dd4038cea7e,0,0,0,0,0,0,0.0,0
1586,0xd968aed4645ded4b954ff1654fe0136c3d0c5b62,28.56843033,0,135.77340966,0,164.34183999,0.23931766839693344,7800.0,7964.581157653662
1587,0x856ffeb1b4cca2c92fd7dee013692a1e848598e2,28.56798671,0,167.10313366,0,195.67112037,0.330047556630735,9600.0,9796.001167922674
1588,0xff305666cc8be3aeea40227babc60917cd0f89aa,122.43724294,0,724.10554843,0,846.54279136,0.9541022525879763,9600.0,10447.496893616873
1589,0x7092af4e0132f391480caf854d44440b81a6988c,28.56766983,0,167.10127559,0,195.66894542,0.3130459603296414,9600.0,9795.981991380144
1590,0xb2de65858d92b0065560a76f1f678e832b5e70b0,34.36660417,0,4851.91023452,0,4886.27683869,69.41950117698931,231600.0,236555.69633987083
1591,0xe7b43cd8ed42f82e240d87f4a7392da5485e3662,53.27960072,0,39.03396029,0,92.31356102,0.2849632790821811,1200.0,1292.5985242970546
1592,0x6740eb8eaef9764f42781f66c7b1fbbe3dc03068,53.27896695,0,19.51674694,0,72.79571389,0.7413519621788999,600.0,673.5370658491594
1593,0x236f7e85b9a1f9e20daa1ae26b9f6209ae8228c0,53.27839655,0,19.51653705,0,72.7949336,0.9398957595926914,600.0,673.7348293607429
1594,0x8b913065d9c490ecfa51259827c2291509eda00e,53.27754095,0,19.51622223,0,72.79376317,0.9521574682352538,600.0,673.7459206406402
1595,0x2f0015913b633b48e78290310d1c70b883bdcc7c,53.27690717,0,19.51598902,0,72.79289619,0.946085931950526,600.0,673.7389821200996
1596,0x69e015b266da260147dcef453f07e4df8bcfac4f,53.27630508,0,19.51576747,0,72.79207255,0.8197356541698829,600.0,673.611808207276
1597,0xf765d01cff475b5e6328943b2b6b34b9ef1cf81e,53.27570299,0,19.51554593,0,72.79124892,0.8178410230585674,600.0,673.6090899411217
1598,0xc7cb44fd7fae07fecfc92f6198c0fae5a4aec40f,36.74175743,8.19945075,295.69549302,0,340.63670119,10.182310512324714,13200.0,13550.8190117067
1599,0xeffc8c363b0c4e2f2fb2fa1b82b61f46011c5143,173.21447965,0,68.76964388,0,241.98412353,0.243902115803911,600.0,842.228025644295
1600,0xc78df5518e6f35ee039df2bb99a297bf4b234de4,169.07868135,0,65.10646488,0,234.18514624,0.6953330539726648,600.0,834.8804792908263
1601,0xad0e7807a2fce99c5eb853f17db29a7deddb1dd6,169.08039316,0,65.10797428,0,234.18836745,0.347428234356042,600.0,834.5357956830792
1602,0x2d4ea0b199aa5b2550ccc65cd61553de88469a5b,169.08172457,0,65.10914826,0,234.19087284,0.23375001652065558,600.0,834.4246228522534
1603,0x2c5aac74f0781aa6cfbc3c1784fa8a6932820f0b,169.08353148,0,65.11074152,0,234.194273,0.2083259907999128,600.0,834.4025989946172
1604,0x6f3462cca21473efe9c7058adf1e1491f705e765,169.08435569,0,65.11146827,0,234.19582396,0.2038546293093456,600.0,834.3996785869897
1605,0xb433bbeb217240fb6acd219b7290bd571a38bf50,169.08517989,0,65.11219502,0,234.19737491,0.7237315423398091,600.0,834.9211064538832
1606,0x6feab3d9906f5642100358cbdd3051b010bc8a44,169.09703577,0,65.12264903,0,234.2196848,0.7972688820423373,600.0,835.0169536780293
1607,0x930c7b4dd52ae83368da35f9d6dd82d4c7b749b7,169.09789167,0,65.12340374,0,234.22129542,0.9170514194021426,600.0,835.1383468357894
1608,0x8714393bf53aa696c0011b4f37965364fe668a85,253.64864442,0,65.12446593,0,318.77311036,0.26453526282039513,600.0,919.0376456192897
1609,0xdb6231073597f8c1d7df323a7fa6612ffd237755,731.40556221,0,489.09013147,0,1220.49569368,366.432673933851,600.0,2186.9283676168466
1610,0xc5d95457b207d740527f2da7e37598700f4460fe,169.1018542,0,65.12689779,0,234.22875199,0.6424662170725033,600.0,834.8712182093875
1611,0xf7bc8a053402b722ca6ae18fedee22df1f2a5ed5,169.10277351,0,65.12770841,0,234.23048192,0.6305854137068224,600.0,834.8610673316371
1612,0x92731c651d21697c5a5bb0c3d7f64711c54ee246,182.28672818,0,845.95376156,0,1028.24048974,11.313344171917288,6600.0,7639.553833915197
1613,0x5fae5e451763e44acc21ff3e3344d4b341773379,169.10473892,0,65.12944146,0,234.23418038,0.5940504252173309,600.0,834.8282308048076
1614,0x76de1829dd1f3a95b80fb6399b445ff334afd0e9,169.10559482,0,65.13019618,0,234.235791,0.5155989315644818,600.0,834.7513899358415
1615,0x0debe1e31c7b13b6267b3eaf813f983f57235a4b,169.10648243,0,65.13097888,0,234.23746131,0.5298955876354479,600.0,834.7673568949248
1616,0xcc36d9db0bf7a0c234f2af580f67b21ea534c1a6,169.10771874,0,65.13206906,0,234.2397878,0.2500786064723562,600.0,834.4898664072431
1617,0xee0f882a15b03e22c3c7d62e4a9109c53584c55d,169.10847954,0,65.13273995,0,234.24121949,0.2428130206882388,600.0,834.4840325097553
1618,0x31e44499c2fd440776a0915ffa8e324032282ded,169.10917695,0,65.13335492,0,234.24253187,0.23496282660988016,600.0,834.477494696615
1619,0xf72b9c9c2b904cc8fa9cf69b9e9c93e66d346741,365.70278111,0,0,0,365.70278111,428.4391345727199,0.0,794.14191567782
1620,0x9de7d62e48670920e77c8174ea63cba38f6c3b48,365.70278111,0,0,0,365.70278111,428.4391345727199,0.0,794.14191567782
1621,0x5ac832c6ea866977cb48de02b2238deeca8e040e,169.11006455,0,65.13413763,0,234.24420218,0.955576093623124,600.0,835.1997782730705
1622,0x9ce9e26b4cab75f1eecb44d5e2de528c3e108177,53.27513259,0,19.51533604,0,72.79046863,0.925067550149246,600.0,673.7155361823822
1623,0xccdc60a34c918f28a4e7e8d2ea349638b8a74f15,53.27456219,0,19.51512616,0,72.78968835,0.9243251758190264,600.0,673.7140135222218
1624,0xe48f9be0739a1ae72b4b586ab3bd51fdec74c287,169.11158616,0,65.13547942,0,234.24706558,0.9426768264024608,600.0,835.189742408162
1625,0x2b6b2c31aa62a883a226a2d3f8a3898d95cbec96,53.2739601,0,19.51490461,0,72.78886471,0.2437510571485986,600.0,673.0326157685083
1626,0x6f9139a41e03bd7721c3c73239d61d02ad9b8204,53.27297774,0,19.51454314,0,72.78752089,0.36365235615601,600.0,673.1511732419193
1627,0x53ac0436b6cedfe72af2b080429775ab805cf363,43.14129285,0,63.15973657,0,106.30102942,0.4765931452478584,2400.0,2506.7776225658426
1628,0x9879dcbc98fc6d656f918db36e65e29b6007a149,171.08149999,0,66.87703576,0,237.95853575,0.0995158919460278,600.0,838.0580516433571
1629,0x0036130d27c8d4faafed3d3947efeb2799bede7a,171.08083429,0,66.87644599,0,237.95728028,0.9786581632299638,600.0,838.9359384403215
1630,0x817471f84bfe9395c7aeeeeb74c38c6cb00fd456,4.17568771,0,135.62797845,0,139.80366616,288.1438967986014,53400.0,53827.947562959125
1631,0x1114bd91cdd4cad393bd21d67642e2ab416a6604,0,0,0,0,0,0,0.0,0
1632,0xde0b6bee359762ad7fa3ca2c5c94a23df23f5f9e,45.56213919,0,283.54729271,0,329.10943191,0.4047536561467942,10200.0,10529.514185564281
1633,0x0eb013b8a5c6a0aa4dde0a84a5e7d4003a356530,45.56258282,0,283.55006401,0,329.11264683,0.7748749500573962,10200.0,10529.887521779285
1634,0x63c415f80b1eccb40b6575c74e8d3356b33658d9,365.70278111,122.04956937,0,0,487.75235047,303.4926049219819,0.0,791.2449553953815
1635,0xb7b094b8adf11a692752a66bbf2121abbbe8ee63,731.40556221,0,489.09013147,0,1220.49569368,689.2765206584199,600.0,2509.7722143414157
1636,0x39bffc4f2656585c4ff3a5817bb331863c91b70c,0,0,0,0,0,0,0.0,0
1637,0xba58dda1c6354113c36955130458f6d33a8cff91,199.76344072,0,347.04475514,0,546.80819586,7.79380509545823,2400.0,2954.602000952703
1638,0x3657bbbc08e4bf7009943e5f37157c26ba3fbab5,0,0,2.35739659,0,2.35739659,525.8830882376476,600.0,1128.2404848300519
1639,0x5459253b58031094cc73f09f8abd5a8e315ca311,57.11104225,0,83.70787916,0,140.81892141,0.9681788623154806,2400.0,2541.787100272496
1640,0x2f639e490a3cd027a95ef03d7ee16bc422e5622e,490.18395631,586.9017184,280.90245493,0,1357.98812964,460.3581678591178,600.0,2418.3462974970507
1641,0x84d6fb037f574e754f535247908f9ff528690fc4,169.11405878,0,65.13765989,0,234.25171866,0.9182241439649019,600.0,835.1699428069956
1642,0x816a9137d4f2d49c9d13f253f52d1aab425b6f65,169.11481958,0,65.13833081,0,234.25315039,0.5212521083496279,600.0,834.7744024982575
1643,0x5cdd531d6d6e4d31cb93c30012e70824a23ef012,843.4955313,0,2385.54889967,0,3229.04443096,770.1430604913866,46200.0,50199.18749145457
1644,0xc6434bede571ad2cd6fd7866eaa84428684e8ee9,843.49933397,0,2385.55973984,0,3229.05907381,769.9397785013728,46200.0,50198.998852307355
1645,0x0a829508431b09ff99668f6a90d198167c318d88,843.50250285,0,2385.56877332,0,3229.07127617,769.721419550829,46200.0,50198.7926957258
1646,0x1c39925e647fa4591d7bea9d66b2cb96ff47f1f8,9.25453689,0,64.19353666,0,73.44807355,1016.8175226829377,11400.0,12490.265596234349
1647,0x58aae77940d2a7a091b90960681f910ecc6131ad,11.97692836,0,113.70726059,0,125.68418895,328.6911914135607,15600.0,16054.375380363224
1648,0xc2fa4ddc82a53f64c44ad8a501b8d81cf13aaa1a,490.17782604,0,280.89725761,0,771.07508366,0.04962906801993958,600.0,1371.1247127259658
1649,0xf45fa0dbd670f74c0946fa214d67763f7c618828,0,0,0,0,0,0,0.0,0
1650,0x6edc4c1ec517ef7043fa04ecbebad5cbadd6ace7,98.17794214,0,469.39736231,0,567.57530445,223.2529036450709,7800.0,8590.828208096907
1651,0x9337e16c986cf06e38d87786f3f4a5424174aa09,98.17515337,0,36.10665363,0,134.281807,0.03566363043568318,600.0,734.3174706320563
1652,0xce4d865af5d85030f1eb8e0f4a22e21076843cca,99.94427554,17.34721594,147.05327096,0,264.34476243,135.96983275814128,2400.0,2800.314595193112
1653,0xf55f27820a9b0f46b05354b1d6e8ce8bb86ce6cd,250.23904707,0,226.91980431,0,477.15885139,80.08238916368646,1200.0,1757.241240552025
1654,0x43c9fd0ed5e3c4f01bc4a0c9e98d8c2b46801aa3,39.75106862,31.61106274,29.09047987,0,100.45261124,31.029777067666338,1200.0,1331.4823883050547
1655,0x4d4f6bff8ebb1a747a1cc320a70994d1bd0a698a,39.75179743,0,276.36464103,0,316.11643846,141.8937545369747,11400.0,11858.010192993068
1656,0x28f35e7db5e2801c4a5ba8ff648472b74c8ff806,490.11671803,0,280.840524,0,770.95724204,0.08594114721993959,600.0,1371.043183182886
1657,0xe6c5b3f11c6b9b0291083439bb9898ad202d65a6,490.10139361,0,280.82958921,0,770.93098282,0.08951659151993958,600.0,1371.0204994112173
1658,0x49c8946db7e9fd72cc5103812694ad1b268c3a6c,610.31606047,0,489.09013147,0,1099.40619194,0.43900302671993957,600.0,1699.8451949651155
1659,0xfec810398de67c8dd92af97e202cf91d3b8e3435,608.66422802,0,489.09013147,0,1097.75435949,0.009024026719939585,600.0,1697.7633835157155
1660,0xbb4b72477552389091b5d554ad65fc1ba1efd745,608.66109963,0,489.09013147,0,1097.75123111,0.009024026719939585,600.0,1697.7602551320156
1661,0x2531c5702c959721a6dd7a0ec6dd0103c2d04bb3,608.65809892,0,489.09013147,0,1097.74823039,0.008137599439879168,600.0,1697.7563679891355
1662,0x1076be5977d9060b38f59bfa00ee13b79baf1595,365.70278111,0,0,0,365.70278111,0,0.0,365.7027811051
1663,0x7f3d4fdde75a830e2e30fe8d61a4b10fc44f9662,169.11580229,0,65.13919742,0,234.2549997,0.03452523742490281,600.0,834.2895249412157
1664,0xd411d217d7fa6f11e0af2af08e2531e1c58c1191,365.70278111,0,0,0,365.70278111,152.06294914000014,0.0,517.7657302451001
1665,0xdcc1ce88348d096f3c3dec04bf8ff5dfbdae9e39,365.70278111,0,0,0,365.70278111,428.4391345727199,0.0,794.14191567782
1666,0x54982e9e46015878e22f394141c9012f9caf8fc7,11.07295307,101.63310139,978.37592751,0,1091.08198196,81.86488113949528,145200.0,146372.94686310398
1667,0x5623e2d40699a1de7aedb0a1f1152a8d61efbd08,11.07225595,0,48.51298483,0,59.58524078,0.7847220017242024,7200.0,7260.36996278211
1668,0x365122cc8ed321cd291876479ea3fb9a924dfe65,11.07181232,0,4.04258662,0,15.11439894,0.9175309957229173,600.0,616.0319299363033
1669,0x58cd9f3b0e15b55dd18efcd67672a47864eb9f49,11.0713687,0,4.0424245,0,15.1137932,0.5576768470982352,600.0,615.6714700462434
1670,0x29df6faa05d94f3be904be4b5d629d3a05d45016,11.07095677,0,4.04227396,0,15.11323072,0.9965053433483178,600.0,616.1097360683037
1671,0xd1fffab9d695fea2ea3b4966a83e68b4b8abfb82,11.07048146,0,4.04210026,0,15.11258172,0.6631438299194353,600.0,615.7757255461943
1672,0x10972e39e6238da747540e4f5a178a66372ea460,11.06702754,0,4.04083805,0,15.10786559,0.7817130721869452,600.0,615.8895786587166
1673,0xded7f5c393cb0fae06bbb99f6ebbaa17a5453a88,11.07000615,0,4.04192656,0,15.11193271,0.023493306876304784,600.0,615.1354260144706
1674,0x8c00226ded177b81167c3e9495a11b6fdf4972be,11.06756623,0,4.0410349,0,15.10860113,0.43124736917139816,600.0,615.5398484988723
1675,0x57714b7a8d39b7ff4bc044c72dd3800592de73d1,11.0696259,0,4.0417876,0,15.1114135,0.7020571144926719,600.0,615.8134706151426
1676,0x071fe8c75c1618c2d3339f0678979e2ffb0c1b91,11.06921396,0,4.04163706,0,15.11085103,0.6565591368377209,600.0,615.7674101632978
1677,0x4bf700b89a24ca262566b89eae52452fb264d759,11.06877034,0,4.04147494,0,15.11024529,0.3837306478859702,600.0,615.4939759329109
1678,0x29b04bcdb3980e7adfc356372768ae3e0ddd65a9,11.06845347,0,4.04135914,0,15.10981261,0.6008671560996905,600.0,615.710679768671
1679,0xd2a020c38f6cce802d30f1dbe7a7a8f68a9c0df3,11.06620367,0,4.04053697,0,15.10674064,0.7728593015197988,600.0,615.8795999396699
1680,0xd748b00623ae4407cd18a6a57a1809a94626293d,11.06664729,0,4.04069909,0,15.10734638,0.19215338302864218,600.0,615.2994997626139
1681,0x5c1a120ebad6f910d08c38518a7e676aa24a4d5c,11.06804153,0,12.12362581,0,23.19166735,0.8401397939281692,1800.0,1824.0318071392726
1682,0x6a3fd5e169e0a12aaa41ec9b284fc4d51764d79b,69.65401589,0,25.55146573,0,95.20548162,0.7821768673323508,600.0,695.9876584826964
1683,0xe06883707a98171e12935d34f0ec29b485d36232,69.65908611,0,25.55333637,0,95.21242249,0.8098566373892888,600.0,696.0222791224472
1684,0x928332d606d576c644ae05b6efdcf684c2699db2,69.65832558,0,25.55305578,0,95.21138135,0.27670505751773805,600.0,695.4880864121217
1685,0xc363bd330a08d5bda08758c87fcea4bd829db339,69.65661438,0,25.55242443,0,95.20903881,0.21391033287748798,600.0,695.4229491439596
1686,0xb1c0ecc0269615fa9f63bb764ee579790846fdbe,69.65522007,0,25.55191001,0,95.20713007,0.9735453579893782,600.0,696.1806754299057
1687,0xd100e1ff3e2582fb8191e3d197a7da4d4d9cbbbc,69.6545546,0,25.55166448,0,95.20621908,0.6914891952693494,600.0,695.8977082780383
1688,0x94e33583a28a6b22c0783012d40473f2835b0dcb,4.89037626,0,17.84841935,0,22.73879561,0.874042568372711,6000.0,6023.612838175832
1689,0xee2ccd5bd65898b422c97537911ceed3f0347670,4.88920365,0,57.10124105,0,61.9904447,0.8419144015021288,19200.0,19262.83235910408
1690,0xfe79d4bb8856bd629a6849eac9a819f9a670618d,4.88799935,0,17.83974059,0,22.72773994,0.5381919688239012,6000.0,6023.265931912019
1691,0xe1262784650a54b4b46dbd50850c099cf6a86c83,4.88673167,0,17.83511192,0,22.72184359,0.4468325374367465,6000.0,6023.168676126357
1692,0x318631424bec1ff34f7bbaf638969d3af1ace5a7,4.88552737,0,19.61378615,0,24.49931352,0.3473547565626599,6600.0,6624.846668277399
1693,0xaa3ed4df2672e4c010ea94e794087e391876a638,4.88403784,0,17.825276,0,22.70931384,0.3204475965984852,6000.0,6023.029761432686
1694,0xfb0854607289172433692d550e5caf1d8ed208e8,4.88258,0,17.81995303,0,22.70253303,0.6970249787411754,6000.0,6023.399558007413
1695,0xce59371af1f7b86fd86995a9eac00815b0c7242b,4.88112217,0,17.81463006,0,22.69575222,0.6647479010024809,6000.0,6023.3605001222595
1696,0x5a8e948f1599f4fe6f2bc06d0566a05bbaab0aaa,4.87880864,0,53.4185482,0,58.29735684,0.4916129150083752,18000.0,18058.78896975433
1697,0x26868e952472823de68e364de9e75a981af0c9bf,4.87744588,0,17.80120691,0,22.67865279,0.8529534753552019,6000.0,6023.531606269216
1698,0x91e026141f419aa15371d6cba9cb9205f4e12bb9,4.87582958,0,17.79530536,0,22.67113494,0.9029828380180805,6000.0,6023.574117780179
1699,0xc5dcba6b6c23cddd8f320b36a4013456c5fd0507,4.8745619,0,17.79067669,0,22.66523859,0.9601643342552917,6000.0,6023.625402922143
1700,0xc54809d1bec8fa4438f4657a6ef85c9d12a0e7aa,4.87313576,0,17.78546943,0,22.65860519,0.1166045649099706,6000.0,6022.775209754239
1701,0x5b12756d0cf898eb6eecbaa203477d8b49132730,4.87186807,0,17.78084076,0,22.65270884,0.3077730693161133,6000.0,6022.960481904371
1702,0x56e088f65a25da8c9e33faccb86a1cbf243fbc7c,4.87066377,0,17.77644353,0,22.6471073,0.587070311944305,6000.0,6023.234177610438
1703,0xe844438170a45ea1144888b80ecdb440c769132a,4.86942778,0,60.42456395,0,65.29399173,0.9583121169686055,20400.0,20466.252303843507
1704,0xccede573793769901fdf7ba6192f574b63894afe,419.76100614,64.32633324,223.50014231,0,707.58748169,977.8507457384896,600.0,2285.4382274244113
1705,0xaefdb5075aef0d176d53aed8581919b9e2884136,419.76381341,0,223.50232626,0,643.26613967,957.2596745190823,600.0,2200.5258141841023
1706,0xe3dbd72db4f2f4ecd283749a0826bc18dcb55f11,0,0,0,0,0,0.9999439999999099,0.0,0.9999439999999099
1707,0xd0931c856d4f833856547b133b98136a74d92687,843.50630552,0,2509.50582718,0,3353.01213271,819.2271675096388,48600.0,52772.23930021545
1708,0xdd981c25f68355a97dfcbb611b3f32d8748afadc,843.50947441,0,2478.53365919,0,3322.04313361,1103.5376206721273,48000.0,52425.58075427865
1709,0x0b9d46c5195b281485c6c574de0c386d5a3792bd,843.51327708,0,2478.54492171,0,3322.05819879,1103.8625229834877,48000.0,52425.92072177728
1710,0xd3a155b99ccf6314e35d53c24633950be91d52ca,1096.57179172,0,3284.08570054,0,4380.65749226,1392.9698257695277,63600.0,69373.62731802516
1711,0x8bfa427a4411bb821cbaa3f81a42a9235b5a9da7,0,0,0,0,0,0,0.0,0
1712,0xac46d5de1d7ff55adc00a9af11c19856801b3372,27.2121822,40.72636608,19.89453773,0,87.83308601,0.5515865809278788,1200.0,1288.3846725932347
1713,0xc62de45aa2db8bc77177823f58366667bf76ce26,27.21674517,0,79.59152289,0,106.80826806,5.528223547418764,4800.0,4912.336491607618
1714,0x25509269486d4a3437a91b4feeb5c8c5cd66fe37,27.21604805,0,79.58492978,0,106.80097783,65.88139465972891,4800.0,4972.682372491326
1715,0x927268dfc962784f5d2c5549d054252810445eb7,27.21509743,0,69.63835736,0,96.85345479,5.6124419164531245,4200.0,4302.465896710884
1716,0x12f8423636c8e112c4e257abc02e945dbfc286c5,27.21300607,0,69.63299465,0,96.84600072,2.0271248229466745,4200.0,4298.8731255459725
1717,0x85d1796e7bd88ef441663e5ae0f3ad52e614a890,927.87262208,0,3222.13646067,0,4150.00908275,986.4320782367511,62400.0,67536.44116098802
1718,0xd0afc130eb9ed47f8eda12939039912586f1035c,15.8227209,0,23.11610722,0,38.93882812,447.31195044914153,2400.0,2886.2507785696657
1719,0x3e1d9d635e7c60ba7a6c51d5b7677e5d2de3ad3e,3219.49888334,0,1517.91415878,0,4737.41304212,2244.2660412410846,6600.0,13581.679083362325
1720,0xaee8a018a9325e381a526328c5949c1a434271da,67.86364669,0,50.32390875,0,118.18755544,392.82820887674967,600.0,1111.015764314483
1721,0x6e6de96b4e708b8b0f2d5619c7647f68d7093311,4456.04378941,0,1635.78984715,0,6091.83363656,6873.769639291009,34200.0,47165.60327585029
1722,0x6a9adc590d9db8735c38b15fc6af773cb9de3a05,2634.11148227,0,1241.91514543,0,3876.0266277,1735.8305029480864,5400.0,11011.85713064739
1723,0x5d708f6a78d8db36701ad0eebef4972b535eb70e,43.13685663,0,78.94152439,0,122.07838102,555.2993446027637,3000.0,3677.3777256183116
1724,0xfd1e9a25bbc648b7dccdd03c7c976762fb3139b4,0,0,0,0,0,0,0.0,0
1725,0x25271c7e55ec9a8ea44ddf67d5846d0e4718556d,168.57582108,29.78920205,452.6432556,0,651.00827873,360.3488542441679,4200.0,5211.3571329755
1726,0xa38a88b4696d990d40daeae6695b6f5e75ba9a0e,168.56989314,0,129.31619942,0,297.88609256,0,1200.0,1497.8860925582928
1727,0x13dc609f9f8994671d09e0febc0e48e7346cf795,45.02187073,7.798336,197.7689359,0,250.58914264,274.6918135930379,7200.0,7725.2809562293405
1728,0x74957f0ea9abc038df0139f3cb240cdedb174e1d,2.83140391,5.36852596,20.66383351,0,28.86376338,8.587337987996605,12000.0,12037.45110137054
1729,0xf1986cebf485e47559bc6964986199a72f7652a4,18.90640219,0,138.13398623,0,157.04038842,1.382945412102004,12000.0,12158.423333828452
1730,0x4443b8ed84a456acffc764a815c8fc86fb07749c,2.83219621,0,19.63463306,0,22.46682927,112.46746774381522,11400.0,11534.934297012573
1731,0x7dab9e134f6acb912f95f3ccbf70693da439f8db,18.90494457,0,6.9061661,0,25.81111067,4.578639082024989,600.0,630.3897497534387
1732,0xd5907d73e420f0bf6bcf4c4654f8821fbc609f2d,18.97472001,0,6.93169264,0,25.90641264,1.540730304348189,600.0,627.4471429449208
1733,0xd86116f4631880dc1c42af064fd53faf0f61b765,28.23324207,43.98826492,1197.25423609,0,1269.47574308,2.4497822235178406,69600.0,70871.92552530002
1734,0x8b9a0c7ab830377d594d2ab89cc1de63bde215ec,177.20550313,0,216.99754835,0,394.20305147,0,1800.0,2194.2030514732633
1735,0xb96d2d809e611cc10320277f0fefcec71a4a39e4,177.20715154,0,144.66798921,0,321.87514075,0,1200.0,1521.8751407513057
1736,0x62d5ba7a9973e7cfa5952e68bed2dfcb3e42d7bc,177.20886335,0,72.33552996,0,249.54439331,0,600.0,849.544393311482
1737,0x84d0856086beb8fa493eab7bb9020c1ae5f16d9e,177.21089216,0,72.33734965,0,249.54824181,0,600.0,849.5482418063316
1738,0xc0eaf2f428d3cadcff7ff5be3618854544a4b68d,177.21209677,0,72.33843008,0,249.55052685,0,600.0,849.5505268501483
1739,0x3aaa8000906b4cff28e3011613afe8794d86c86c,177.21301607,0,72.33925463,0,249.5522707,0,600.0,849.552270699377
1740,0xc471ba6bd3b5d161fcc0d7b23b86750a049a38aa,177.21396708,0,72.3401076,0,249.55407468,0,600.0,849.5540746813377
1741,0x8583729c3c68007933e2a14c9ba823d26bd7bdcf,177.21488639,0,144.68186429,0,321.89675068,0,1200.0,1521.8967506757328
1742,0x5bc55ddba8699a8bddcbc8d2368aa08818439eec,163.78703037,0,367.50340708,0,531.29043745,0,3600.0,4131.290437445586
1743,0xad6693e1e6f26e46060745533fbdc809ecd23357,66.39731595,0,48.70029369,0,115.09760963,0,1200.0,1315.0976096318543
1744,0xcaac45665512345a988ef88fa42ed21e91a2084d,4.86752625,0,19.54148632,0,24.40901258,0.7358807859018782,6600.0,6625.144893364253
1745,0xc49b46e30dfe8be10b4464ea9fc3541da01d46be,33.87329628,0,12.38880869,0,46.26210497,0.7489361729111833,600.0,647.0110411409482
1746,0x0732c8ae152966626e0ead4c3f2381b4f1cb0426,64.40627067,17.60444405,590.39874003,0,672.40945475,1160.4154979373768,15000.0,16832.824952689654
1747,0x2de24f209125b8207f2ae239b6fe29fd0f95e050,64.40566858,0,23.61572761,0,88.0213962,228.62833777144368,600.0,916.6497339676275
1748,0x2784e1d5494b82d40204462e61d28d6737008529,64.4050348,0,23.61549395,0,88.02052875,228.86113448331153,600.0,916.881663231891
1749,0xc1e35fe01b0d847e569b4ff2117c369fadf41af7,31.3564713,0,22.99173643,0,54.34820773,572.3136324223127,600.0,1226.6618401532812
1750,0x4cc2f8d67ff2be6a12aaef2ca6c06f1b5aa30a0f,95.92893123,0,35.27200256,0,131.2009338,311.3489464378199,600.0,1042.5498802355942
1751,0x8674edce7897850f6b1a361c8bdc8fc5e9322902,365.70278111,0,0,0,365.70278111,0,0.0,365.7027811051
1752,0x75fce6e3f1c31202806345b419ec5c92f385bebb,365.70278111,36.57027811,0,0,402.27305922,471.28307303199193,0.0,873.5561322476019
1753,0x28600fda6d1f6a85213ba0affe1283510b242eac,365.70278111,0,0,0,365.70278111,428.4391345727199,0.0,794.14191567782
1754,0xbcfeded82590b6c8ca99cdac60e981c40842fb1d,0,0,0,0,0,0,0.0,0
1755,0x7b6c05684a61a87586dbad767524e2905f97b58d,4.99505527,0,9.11325089,0,14.10830616,1490.8075401980911,6000.0,7504.915846354916
1756,0x5cb4065b3b36936f7a3900095b2800440900c3e3,36.73491297,0,26.87684922,0,63.61176219,169.99568318590346,1200.0,1433.607445374916
1757,0x2c04291827b7ae25d875097b36088b89a2fc1221,4.8629309,0,17.74820864,0,22.61113954,0.819884715211992,6000.0,6023.431024252633
1758,0x7143410c096073c71b68803686a02d4fff4356d2,18.36710793,26.16015869,0,0,44.52726661,0.000666309590281376,0.0,44.527932923764396
1759,0x63355940f6e9b4ca523d26c9fe4627414fcd1ad0,169.1027101,0,65.12765251,0,234.23036261,0,600.0,834.2303626127153
1760,0x3d51a2bed8d71ea5ae51221b37f8a4352ca36dd3,36.74286648,0,309.1483448,0,345.89121128,218.36040371184393,13800.0,14364.251614995863
1761,0xd6d1277352c23258690aa490544182a7bbbad96f,4.85605371,0,17.7230981,0,22.57915182,0.7863002652555168,6000.0,6023.365452080738
1762,0x4e871f2a9fc44802d02e67650603604f565e00ee,91.42204028,98.92761043,33.60151055,0,223.95116125,0.7959813038415112,600.0,824.7471425537491
1763,0x25dc0399128bf2a64499c3e6501e1495b0258d74,0,0,0,0,0,0,0.0,0
1764,0x1262f5f416b8c2c67806ce8e6eaca64d484478b4,365.70278111,0,0,0,365.70278111,428.4391345727199,0.0,794.14191567782
1765,0xc7a877d978a9b36957cc412f8f9ae59f22a44364,0,0,0,0,0,0,0.0,0
1766,0xf1fa94f0c82138d06610c87fe67a0bfba2e7fccb,365.70278111,0,0,0,365.70278111,428.4391345727199,0.0,794.14191567782
1767,0x2d33a4b25b563240ba18ecb14e451fd7d03c5cf4,0,0,0,0,0,0,0.0,0
1768,0x8f7cd1dde0e25185c2e31ee991e4e5414bb9b01a,0,0,0,0,0,0,0.0,0
1769,0x26d9d9ecbbe9fed0b99404ee09936708d3fc289c,78.0863688,50.80519895,28.66486886,0,157.55643661,0.3590446915532454,600.0,757.9154812973615
1770,0xc790f94dd35489792d4fb849535d36c0fce0450c,78.08725609,0,429.97021089,0,508.05746698,21.7429038783514,9000.0,9529.800370859299
1771,0x4e39b7c7f2bbec8fec4bd66471382ef4514c0cf8,0,0,0,0,0,0,0.0,0
1772,0x59df63a148b87b211b1c0f64a867088766db8950,131.19747814,0,194.34840261,0,325.54588075,0.4430044561196541,2400.0,2725.9888852021077
1773,0xab8bf2028151527a20b74a90892eeae628f25866,365.70278111,0,0,0,365.70278111,428.4391345727199,0.0,794.14191567782
1774,0x7571018232d2724a87adededea94a41f8933a7d0,0,0,0,0,0,0,0.0,0
1775,0xe48946dbcce9d7d97dcdae8dd3920827a104adf4,194.41040448,0,0,0,194.41040448,0.7322499012895864,0.0,195.14265438328957
1776,0x2308ee479d43edb5bd873379b9fae029d087639b,365.70278111,0,0,0,365.70278111,428.4391345727199,0.0,794.14191567782
1777,0x9a3a17303b00bed815acda99818aac519be2823d,123.33958459,0,0,0,123.33958459,242.58121380293974,0.0,365.92079839453976
1778,0x48a49797e48ba6b058550dce0cdeabe39459fc90,0,0,0,0,0,0,0.0,0
1779,0x96ec6685cfc359f720728bf53b8dd2f0a9f34e94,76.08220432,15.21644086,139.62131459,0,230.91995978,132.66588967448152,3000.0,3363.5858494516706
1780,0xd7583c257f88c1e14ae44f05acb39b395d36f560,20.37228837,29.7337186,267.94234739,0,318.04835436,561.124483870891,21600.0,22479.172838234106
1781,0xe317de7819ac2d8fdc6ddf80bef9995c467776fd,20.37152788,0,66.98481571,0,87.35634359,0.093192787096509,5400.0,5487.449536372828
1782,0xb8e9c9d783239e4d4b68877e8c01d7e66f25544a,20.37003857,0,14.88442458,0,35.25446315,0.9961215381296152,1200.0,1236.2505846929178
1783,0x94f85c1dc61e7e8164510e4236970cfa0a46ae54,20.36953158,0,14.88405351,0,35.25358509,0.9922001744536952,1200.0,1236.2457852614984
1784,0x64e6cc3c0c98b1f84674a47b005f7016d97b0e49,20.36889783,0,119.06871737,0,139.4376152,0.6918130487501895,9600.0,9740.129428251372
1785,0x0ab4871fa47cd130d148263cf26fe81c2cd03694,39.48657473,23.01871304,852.44181178,0,914.94709955,351.61259506901615,35400.0,36666.559694615986
1786,0x5fad23403d00173290b112b567416c4c3ad532ad,47.64567423,0,34.89001514,0,82.53568937,0.4518877578670388,1200.0,1282.9875771293944
1787,0xcf99520db96d6e1d648474e9bde6fa42cbe48211,47.64516723,0,17.44482121,0,65.08998845,0.578911808254174,600.0,665.6689002534421
1788,0x9464a0f18a8dfa9bb90d9bb3fdd40ac9052dfdf5,47.64396312,0,17.44437861,0,65.08834172,0.6937887389555664,600.0,665.782130463226
1789,0x8d5253738b610fa81e5d27788a5f8e4ca1d63cac,47.64459686,0,17.44461156,0,65.08920842,0.410954724335661,600.0,665.5001631438258
1790,0x765f05650c0b25f9ea278dc4b658399b9d3c9dd7,28.19531237,37.3193375,267.99085646,0,333.50550633,0.07333114700314088,15600.0,15933.578837478752
1791,0x86e307eea19e07bd97302d23ab85fe8a8b1823ba,28.19455188,0,267.98537732,0,296.17992919,221.59769683912702,15600.0,16117.777626032099
1792,0xd366463906602ff36052d7651272486d00adb519,18.9602706,4.66658958,41.55477451,0,65.18163469,401.9791528671046,3600.0,4067.160787556678
1793,0x38b64986fd0d4759ff47e9943c3d22163f6939e1,4.86121953,0,17.74195993,0,22.60317946,0.1957496189191012,6000.0,6022.798929078069
1794,0xa8aceb1880dd4625a56660617e834679f10d5bfb,4.85982507,0,19.51055523,0,24.37038031,0.3701603592170887,6600.0,6624.74054066816
1795,0xb8512737a017e2097329533a214e09ab688dd876,4.85836724,0,17.73154542,0,22.58991266,0.7334705726395954,6000.0,6023.323383234672
1796,0x4134b88a00bac02fc42ca64f90b967f3fd21a5d2,4.85443742,0,207.29119959,0,212.14563701,0.7974038725624284,70200.0,70412.94304088157
1797,0x208e2146c6458834cc2bb0b4135f1ef34cd0350d,4.85358173,0,200.16901579,0,205.02259752,0.8818779241465461,67800.0,68005.90447544542
1798,0x634f8a8e879f192807fdd2359f13f62e2f1e1998,4.85161682,0,17.70689775,0,22.55851458,0.9361555249363187,6000.0,6023.494670100458
1799,0x79151348d63161ac2ff8e68cfe0e3f479a50ddc6,4.85028575,0,17.70203765,0,22.5523234,0.08708004647614272,6000.0,6022.63940345001
1800,0xb5ca12438d09d89f38b0e88b3955c7e9e40b5d9c,91.42115299,0,403.2141791,0,494.63533208,0.301883498515031,7200.0,7694.937215583112
1801,0xd04a18ae5ce31a9787780cd697aa3913cceeb9dc,0,0,0,0,0,0,0.0,0
1802,0x5c31eaf5911a0dbc705448776bc54c811d842e7a,36.73377223,0,174.69303338,0,211.42680561,241.7486201946037,7800.0,8253.175425805819
1803,0x7a9d9cd58ef9d72081ffdd645b5acb6e33918f3c,18.95897142,0,27.70372399,0,46.66269541,2.264089118259295,2400.0,2448.9267845242634
1804,0x24652e73016c261c87f44fcf233853287c820ebc,365.70278111,0,0,0,365.70278111,487.9934904056199,0.0,853.69627151072
1805,0xf59470ffdea1cb94bd4e0681daae22d2ac5260d3,65.01159204,0,23.83913316,0,88.8507252,0.6512941222470442,600.0,689.5020193231229
1806,0xac65954e6fe017d12191c885d4020a5586ba8883,93.26332381,0,34.28424761,0,127.54757143,0.9045688338575172,600.0,728.4521402595456
1807,0x1cfa3f3157d0d1e041e65d4ec14c50d7f21d85d2,0,0,153.82775365,0,153.82775365,241.2626422102312,600.0,995.0903958612582
1808,0x3aa89257be8beb83f9f1e4a802b1fb42ae987a1d,47.65277219,124.21555327,34.89523329,0,206.76355874,0.24455275627787346,1200.0,1407.008111494971
1809,0x658071cb8848f3c37a32a6173e96a58098ef6549,47.6522335,0,17.44741863,0,65.09965213,0.9674560484673864,600.0,666.0671081801472
1810,0x4efaa5b9d303d9381af8a101246fbfa3240cd27c,47.65156807,0,17.44717403,0,65.0987421,0.2083243106088828,600.0,665.3070664056099
1811,0xa8f6ba4354a1c7700c55e031e21ed2953f536622,47.65102938,0,17.44697602,0,65.0980054,0.5816923861876393,600.0,665.679697787089
1812,0xb03232b987a16ce4d5815e65c95d418f969d453c,47.65394462,0,1064.32784102,0,1111.98178563,445.68281758335445,36600.0,38157.664603217134
1813,0x3168f89ee0a8154da3dd7d4f99cf79454366ad44,0,0,0,0,0,0,0.0,0
1814,0x26a38b4f8e1a96644d59daaa68c51617e695c854,5.43725514,6.10039628,1.98452527,0,13.52217669,85.7080190059837,600.0,699.2301956913639
1815,0xe4159eed3284331d85c5997459db9b1f4d244a39,0,0,169.75480943,0,169.75480943,95.29035619052826,5400.0,5665.045165623161
1816,0x28107f3e56783d3ab671198dd5345025a9ac71d1,15.06922859,2.05727996,5.50357104,0,22.6300796,0.4450029634022279,600.0,623.0750825648068
1817,0x73a31b39484dfa6c134262ef68573caf2cebc23b,43.13435333,0,47.36215652,0,90.49650985,0.22995079078877978,1800.0,1890.7264606409562
1818,0x025f2d0a7265fbd2be93b4423fa81d2b1cca0df2,15.06834135,89.43753249,5.50324669,0,110.00912053,0.7362849933958137,600.0,710.7454055231174
1819,0x5d73fdcccfc33e2972e9c3328ded6dd5b32598f8,43.13381465,0,47.361563,0,90.49537765,0.49256075634242985,1800.0,1890.9879384066037
1820,0x7ae0ef7a486f8a2ed2687776c306d112db24f5a5,65.04575342,0,474.9325503,0,539.97830372,325.30912978057677,84000.0,84865.28743350276
1821,0x374c9f5fb71087a28e9cc4d5dbf6e8655936a57c,731.40556221,0,0,0,731.40556221,884.3256227154399,0.0,1615.7311849256398
1822,0x8bbf1067d97e0601a649f940da899b67fef1d36e,0,0,0,0,0,0,0.0,0
1823,0xc7224a8468ca48774da7444e5c5da5f51ba5f26a,8435.25001974,0,31818.76622881,0,40254.01624855,9596.845357529854,616200.0,666050.8616060803
1824,0xbc22782876c6619b8d784d8c848b21a255a57930,5651.64511426,0,21346.87229845,0,26998.51741271,6543.534324045009,413400.0,446942.0517367507
1825,0xc8a1b0933fbdcb422aafe65c43ecf2669106af22,16870.66482176,0,67727.85566458,0,84598.52048634,19934.364466907387,1311600.0,1416132.8849532488
1826,0x244307dbc84b8877b21f6ea46903d69de19bea81,0,0,0,0,0,0,0.0,0
1827,0x9ecbc47c237cafd27e857e76d2fb589e9db82e57,0,0,0,0,0,0,0.0,0
1828,0xf760fcd3cfd9c369cf40bd06ff76fb1ba27d1ef9,365.70278111,0,0,0,365.70278111,328.59472691150114,0.0,694.2975080166011
1829,0xd503efeeaa4e9a47ea48bbe93745c4cc4a33d715,25306.12081935,0,76837.10378105,0,102143.2246004,24334.361332469445,1488000.0,1614477.5859328653
1830,0xbe3e2569d80bdf5d715a086b45484c346e62a208,25306.23489939,0,81051.11969213,0,106357.35459152,25251.792302502625,1569600.0,1701209.146894021
1831,0xfa3e655db08b27411c95dd5c37bc8854be0ebb14,0,0,0,0,0,0,0.0,0
1832,0x1cadd9948f094a25cb7076b5c5236086952cf654,0,0,0,0,0,0,0.0,0
1833,0x4099225045f7ad64a6287128d4dad2047d5de2d7,0,0,0,0,0,0,0.0,0
1834,0xc5e2542d020f5520218e21d32c099ab987771ac5,0,0,0,0,0,0,0.0,0
1835,0x37b0fce8521e1a39af89f65a7a474094b90d7525,41.2000021,0,90.46184937,0,131.66185147,7.191718240442875,3600.0,3738.853569713289
1836,0x2eed86e8cac917fd3bbf2b3aeb87fbc2b1e0247b,8435.4528287,0,29929.57455359,0,38365.02738229,9136.085886295505,579600.0,627101.1132685887
1837,0xb89ab4a00abb201e7208e252df792f07056e7763,36.74080681,0,26.88117382,0,63.62198063,174.60139214070554,1200.0,1438.2233727716814
1838,0xa41fcb517874147bf99840f0920da3ef075512ef,365.70278111,0,0,0,365.70278111,384.0574503771692,0.0,749.7602314822691
1839,0x8f573fbbc7af74282be022fd23cc0e9bf1842628,0,0,0,0,0,0,0.0,0
1840,0xe6a899b80ba9811f0418324130cfc70cf052ba8d,0,0,0,0,0,0,0.0,0
1841,0x93075344a683538fb587aa2d2a84e86b2d20858b,0,0,0,0,0,0,0.0,0
1842,0x8ab424be464e83741b45143823c5e131d78ef9df,15.07030596,0,5.5039649,0,20.57427086,1.1079969718497162,600.0,621.6822678334396
1843,0x1adc98647f2acd14b2568f585a6b2ef96e201588,0,0,0,0,0,0,0.0,0
1844,0x348baa66d17c36d988eb80a759e3c7c83746f3e4,168.70969035,0,340.81425125,0,509.5239416,398.6722826827953,6600.0,7508.196224286996
1845,0xc35a910b53a6d0a37ddc9656258365e5e60f7509,6158.07719458,0,20418.45180515,0,26576.52899972,6613.180485009285,395400.0,428589.709484732
1846,0xfe4975874fb1441d19b83e8b074de8d8aeebcf70,19.89533113,0,0,0,19.89533113,0.611460246527843,0.0,20.506791378927844
1847,0x0a2866f0559ea53101cfa3898900c8584c9613a9,3.60583206,0,827.68345349,0,831.28928555,142.64752085570882,377400.0,378373.93680640287
1848,0xa92d89fa8ebd3f69124f3c9b7ca5da32b08a4a14,19.89419039,0,7.26808622,0,27.16227661,0.3957631968600897,600.0,627.5580398099977
1849,0x3ea2fe0ed8309647b40aad1b6e311199ee6a29db,19.89282784,0,7.26758764,0,27.16041547,0.44363581991970535,600.0,627.6040512922223
1850,0xab8dc764049d594bd448c9de10b6d0d0cb5a5295,19.89175047,0,7.26719341,0,27.15894387,0.1717158147742225,600.0,627.3306596873467
1851,0xf29fbbc2aeabb312f04397850fde173c04bc3492,19.89064141,0,7.26678758,0,27.15742899,0.26124643088037014,600.0,627.4186754213778
1852,0x41f82caac72b7f0fb4f6c15e714d69cff0e814ae,19.88794799,0,7.265802,0,27.15374999,0.32212338827874515,600.0,627.4758733794511
1853,0x1a9b29398dd1fedc04a00eaa3d9ccd4a4e84c6dd,19.88671219,0,7.26534979,0,27.15206198,0.8742467870190115,600.0,628.0263087667362
1854,0xfdc997ee58ea08dae36c1a28862312f8e7f3802d,0,0,0,0,0,0,0.0,0
1855,0xe9ef169243f31a6adfcffdfc7741a30c39a96f09,0,0,455.88456688,0,455.88456688,198.62834695011415,4200.0,4854.512913830332
1856,0x7f011c035af060e93a032b7ca60838d9b145d6b3,45.70558549,0,33.59748084,0,79.30306633,495.86603171721714,600.0,1175.1690980505218
1857,0x4fedb738f40e4edf3894ab317fe2d0f186621dd5,68.43823955,0,175.72072295,0,244.1589625,203.79903245315757,4200.0,4647.957994955994
1858,0x07a4144cb3eeadea158ade63922ba5ecdaa99109,20.02239721,5.19785952,87.77913935,0,112.99939607,57.8436671446872,7200.0,7370.843063214722
1859,0x2c92c961a80ea595e67ad8ad8f2e9bfb152d9d81,1.59633108,0,8.73657692,0,10.33290799,55.992610227721165,9000.0,9066.325518220752
1860,0xabcc0b9db5329a11f34c899f583574c5451ac068,1.59595077,0,8.7344951,0,10.33044588,54.83185336695565,9000.0,9065.16229924341
1861,0xedd735a27291fb32a352d0f60d8b1474e3281ad5,365.70278111,0,0,0,365.70278111,500.63283674538314,0.0,866.3356178504831
1862,0x6cbc93b624aae758b2fadfbd5890663ea6575c37,25307.37569979,0,59520.74758086,0,84828.12328065,20165.628153341506,1152600.0,1257593.7514339872
1863,0xff169d0b69edd20b8958a444df760e84f126653d,162.60730742,0,182.25965422,0,344.86696165,273.19261226034513,1800.0,2418.0595739082487
1864,0xc48a3bde612ee4233084bd8dc67975f8860c8495,23.0289516,10.93953641,252.46492105,0,286.43340906,0.7257633051702205,18000.0,18287.159172365973
1865,0x894eb6618b1acdc9d83107ab24719363762c07f3,43.14043729,0,252.62529559,0,295.76573288,182.3830580431841,9600.0,10078.14879092259
1866,0x3ba1e2b287c946bc5b8595cfcf8841606a5a31bf,43.13964511,0,126.3146319,0,169.45427701,0.46804671773176926,4800.0,4969.922323725273
1867,0xdba0846f443e993e8136af086f143a4a8d685acb,43.13549407,0,173.66584907,0,216.80134314,319.9624212521858,6600.0,7136.763764391377
1868,0xcfe989ba65d00cb3221b3d84e10b8c0b581bfcc8,34.6290067,0,329.31493614,0,363.94394284,1.63708022692089,15600.0,15965.58102306435
1869,0xa3f55e1c13c23ed673475305a27fe37f820640da,29.16691091,19.43911508,0,0,48.606026,233.42612991962335,0.0,282.03215591866854
1870,0x578469087a481defeb1318d3a0c4815d737a1246,175.2514077,0,564.67260165,0,739.92400935,552.0018152215825,4800.0,6091.925824569369
1871,0xd4361774e2ba252bba266f14401aff374e536798,1.59550708,0,8.14992857,0,9.74543565,51.23820018827276,8400.0,8460.983635840408
1872,0xd797669d4724802bd06f5f7f836a08ca770c5f3d,185.68524323,0,559.87932317,0,745.56456639,184.83778352105278,4200.0,5130.402349914022
1873,0xb55930de141ba7373ef5f5c830dce52ebafea197,1.59512678,0,8.14798555,0,9.74311232,50.87376611058059,8400.0,8460.616878433564
1874,0x331b1e429780bdf7f977322fc68d8e2fa963d4f9,1.59442955,0,8.14442334,0,9.73885289,50.95701318147302,8400.0,8460.695866067681
1875,0x5816e7f9f603bb2e781f02aa5021a5fbb189388f,29.51740159,25.61472744,10.79189871,0,65.92402773,0.163827390811486,600.0,666.0878551246616
1876,0xc8ee6a54d5736e0c61b48074829cdc64ca629482,36.40828028,24.50554656,13.31859991,0,74.23242675,221.29268065635412,600.0,895.5251074030231
1877,0x04d6041bd423866d5a1902cba1cf41a5da57369b,18.22335075,0,106.50997412,0,124.73332487,183.51076602727434,9600.0,9908.244090894914
1878,0x0b7003fce8b6882ff652155af0754a39f7498c55,79.41964758,0,787.25212322,0,866.6717708,0.9425505802510367,16200.0,17067.614321382305
1879,0x843e38069cff40456913d57c14df94276870355c,37.79890913,0,290.40332,0,328.20222913,291.2639554275871,12600.0,13219.466184561068
1880,0x6ad616f7578feed081e6782c08edb18b082f21ce,16884.9121512,0,53025.25951022,0,69910.17166142,2186.4410282015397,1026000.0,1098096.61268962
1881,0xe05745a881061a9fdc4afcc4fddec420b4d234b2,6.64697429,0,2.42625487,0,9.07322915,343.42709816687665,600.0,952.5003273206526
1882,0x5e6b4f633b791340d55beb8c6e523a94d185f766,46.29154915,67.33400458,16.94730042,0,130.57285414,0.057294122721739976,600.0,730.6301482666977
1883,0x25b145a0fd5e80efb2c48f2c25e9bba35818d0d9,46.29047178,0,627.03424193,0,673.32471371,32.38862716278229,22200.0,22905.713340876227
1884,0xa1d867a9c4242242db2ec69204a61a919b589f0a,6.64779828,0,2.42655577,0,9.07435405,495.33073704442427,600.0,1104.4050910945698
1885,0xa4ce7be24e85eda8872cf656abe1cb2cfc8467cb,1.58077026,0,1.15351948,0,2.73428974,0.6948160922686651,1200.0,1203.4291058326894
1886,0xb020609b075a001e9e6682064fb8a1eed98b4d66,33769.62149344,0,79816.48641646,0,113586.1079099,652.9046803636677,1544400.0,1658639.0125902665
1887,0xbffba9998fe7ca283298576dffb16cf85075f47a,0,0,0,0,0,0,0.0,0
1888,0xe0a19afe96da314d0cb7c3b66377d1e4a6bb3845,334.72560023,0,0,0,334.72560023,0.678529213100147,0.0,335.4041294451001
1889,0xf6ad1b349c85054865c820bf763d357c934ffd7b,365.70278111,122.04956937,0,0,487.75235047,177.64214503607707,0.0,665.3944955094767
1890,0x38662f66578bf249ac465c30a273991af7815c48,731.40556221,0,489.09013147,0,1220.49569368,381.19656741666097,600.0,2201.6922610996567
1891,0x2deaef479ced18a948a8b560e43a9a3647a07f84,43.13489201,0,252.59730701,0,295.73219902,431.66614434254126,9600.0,10327.398343366483
1892,0x7e8fcf99d5756c81af5b56d94ab3ea5ebe029c85,1.678477,0,4.89933236,0,6.57780936,254.68674010122518,4800.0,5061.264549460462
1893,0xcbdc3a90224e01cb6ae0b914c66ff531043cd6d1,0,0,0,0,0,0,0.0,0
1894,0x008ac0ca4d73ee6576efbe13a0649558bebfa783,0,0,0,0,0,0,0.0,0
1895,0xbc65f2dd0a8c6a936371a4136ede6680a7eced17,334.72341968,0,0,0,334.72341968,0.677167401900147,0.0,335.40058708510014
1896,0xcca2713e9e1d1dc29cd1301fa088e10b52f3413a,0,0,0,0,0,0,0.0,0
1897,0xfe9d1df5b0482ac71db56c8592b85e833a7d5821,29.16735456,0,85.51364194,0,114.6809965,282.96883471717456,2400.0,2797.649831213544
1898,0x25bcd5c2176b38e6014f55131176d66ae8da0930,43.14892949,0,15.79273881,0,58.94166829,0.9448077828162477,600.0,659.8864760775954
1899,0x4b4fd3a30227b75ee7ee8db9c3bf1c9c5498a2be,6.21142976,0,29.47373704,0,35.6851668,116.76252066127415,7800.0,7952.447687461483
1900,0x4849e076683cf4672ed14219d3793849d5f0be5c,0,0,489.09013147,0,489.09013147,381.99421764,0.0,871.0843491127955
1901,0xf12336279ba1d634e053bb4ec62fd7fa8c46fc02,100.87863824,0,74.21947466,0,175.0981129,64.20433107305382,1200.0,1439.3024439744497
1902,0x5fb07e7c65f327aedc6d763fa04ca76be9aa9901,6.26397526,0,18.29118301,0,24.55515827,44.90495318348867,4800.0,4869.460111450568
1903,0xb52e920a671743063caa2acbb963c9b28d8c345b,334.72028514,0,0,0,334.72028514,0.676422190800147,0.0,335.3967073351002
1904,0x72543c39c64990dc69356e0ea0ed23dc5c1e0a9e,45.02085674,0,32.96074425,0,77.98160098,90.24611409336192,1200.0,1368.227715077566
1905,0x7914197671cdf3ed3b7dd4e29fdd158d8232c993,365.70278111,0,0,0,365.70278111,275.7051111,0.0,641.4078922051
1906,0x626c63e216f7e6cc312e7ae90690286bee73293f,0,0,0,0,0,0,0.0,0
1907,0x1cd55659a1f7189854228ab990b148820902ac6e,6.2100353,0,13.60020818,0,19.81024349,125.7232293505768,3600.0,3745.5334728371427
1908,0x646c03db6afabf30ad847534fc3980da463c8516,40.46663123,0,44.42374161,0,84.89037284,504.01788073175896,1800.0,2388.9082535726266
1909,0xa060940342e5e26af42e76a81bc1148630208fbf,2.73306332,0,6.9694347,0,9.70249801,9.090089742414312,4200.0,4218.7925877573525
1910,0xb58478cfe4f8bba6602638f0e35cd3c9178342a5,0,0,0,0,0,0,0.0,0
1911,0x7a55c6697c9894bcfd6910d537cf857b42cce87a,731.40556221,0,978.18026295,0,1709.58582516,477.85703995035567,1200.0,3387.4428651061467
1912,0xa48557c8da3bf6b36cb8fd9b1e48877816f62595,43.13869449,0,94.73387915,0,137.87257364,0.2661270269731138,3600.0,3738.138700671419
1913,0x140d88c9e0e062d9e78c65d5b41d48d3c5096ed5,115.74219173,0,469.90122485,0,585.64341658,120.54468208636648,6600.0,7306.188098668887
1914,0x30bd279274100e90e3fe7d46bbc24a3d31b30e48,3.3485239,0,4.27614822,0,7.62467212,466.0075124565849,4200.0,4673.632184581482
1915,0x9b75bfba8cd62ef95fc871a22d331da6405e6160,16.21000308,0,171.696508,0,187.90651108,14.761119371546064,17400.0,17602.667630447686
1916,0x3689aaf011ca4148d629f8d8d8cf118fe0258c53,0.12613456,0,0.59823879,0,0.72437335,61.49082988581886,7800.0,7862.215203234991
1917,0xa622095bfab8c37e43e01a624744c4ecd33da35e,0,0,0,0,0,0,0.0,0
1918,0xf4f99d621d6183e36ded3f3f58615b4d9a52094b,91.42061428,0,403.20808167,0,494.62869595,12.407933156776854,7200.0,7707.036629104673
1919,0x44ebaf67e175ddd16f9f611b438a89ed212c72ca,0.02449799,0,0.11618973,0,0.14068772,297.73697367574556,7800.0,8097.877661399064
1920,0x2530978bc7422fe254f253eaad225b3aca4691be,43.13207184,0,126.29238088,0,169.42445272,205.38875735693762,4800.0,5174.8132100799385
1921,0x1b59fa7cfd4b41000d0052b47ef0bfa14f62f65f,157.16040707,0,586.26486598,0,743.42527305,77.01738879643881,6000.0,6820.442661845089
1922,0xa9514fdb64e7957c886973e35180362545f573e2,2.95776031,0,10.79316235,0,13.75092266,320.8510013915566,6000.0,6334.6019240496835
1923,0x23b52d568ac54ded12cc2cd635ad73a280d4ccc2,0,0,0,0,0,0,0.0,0
1924,0xabffb48560e43540657d87d5448a6b73a09c1635,16.30148432,34.41220756,35.72436413,0,86.43805601,197.2904215604363,3600.0,3883.7284775687904
1925,0x30895697a723dd9bb8b9fe5df9876ed29186df9d,16.30031189,0,29.76816006,0,46.06847195,204.43119572612255,3000.0,3250.4996676762826
1926,0xb4e498d7780d72aaacfb0673f967065ca4c628fb,16.30091394,0,29.76926072,0,46.07017466,95.57205841471597,3000.0,3141.6422330777327
1927,0x3e07fc9159ca4948eafdc30c149dd8dddd9474db,16.29989995,0,29.76740699,0,46.06730694,96.28165307312413,3000.0,3142.3489600092244
1928,0x19404e7b1d4e16436c0ad4fb018f95e1342db7c5,16.29948802,0,29.76665391,0,46.06614192,95.87821693132216,3000.0,3141.9443588533627
1929,0xe06ca9dfe58ecaf398b4158511f96c9baae5c2ee,16.29891764,0,29.76561118,0,46.06452883,95.72208377836158,3000.0,3141.7866126040117
1930,0x23ecc6c4aba9134837e8c4d8193d17fe127964ba,16.30389255,0,29.77470606,0,46.07859861,95.78294226755384,3000.0,3141.861540878387
1931,0x5c28d3b092f3fa862a7d16f437fbe7a56f21862b,8.15153434,0,29.7731999,0,37.92473424,79.19962205296692,3000.0,3117.124356295381
1932,0x791e7cdd1f18e4d1be6739904dab384d31d1f9c1,8.151265,0,29.77221511,0,37.9234801,79.21297714821868,3000.0,3117.136457252758
1933,0xbc62af47df513ffc7fbb85ae073ab909f50afc13,8.15099566,0,29.77123031,0,37.92222597,78.64091328410512,3000.0,3116.5631392507703
1934,0x79bb314d9866ee8507138a96b86bae2cd5144174,12.44374566,24.97062982,27.2637418,0,64.67811728,0.3481914834933112,3600.0,3665.0263087644958
1935,0x86682694c8d579b5acf7fe8bb2b3642ff260b393,12.44304854,0,49.97818786,0,62.4212364,0.263424967941232,6600.0,6662.684661368561
1936,0x32564cf53408a0c87aa2ea6e195ee900d49bbd79,12.44244649,0,49.97830366,0,62.42075014,0.3334583340141427,6600.0,6662.754208477778
1937,0x59f5cd5fd0fcfceb22271ca8cffa14e754f97ecd,12.44184443,0,49.97588326,0,62.41772768,0.4941010096799395,6600.0,6662.911828693969
1938,0xd7123892324dc07701184b2769dda1db9aafbe98,12.44124237,0,49.97346286,0,62.41470522,96.52414642904539,6600.0,6758.938851653859
1939,0xab8cb986eb3e3307d38eaa6c03f5b6bb79d89533,0,0,0,0,0,0,0.0,0
1940,0xdcd7e6720faac4b142c3af6e111f3843de8e0c72,13.63813506,19.8983618,39.84384823,0,73.38034509,0.6211975524714729,4800.0,4874.001542647251
1941,0x025ddbf9fabc1f63de181e576b1f8888f85165a6,13.63724782,0,39.83870617,0,53.47595399,16.708726416683877,4800.0,4870.184680409916
1942,0xa71623c24867209ef0b3daff9e1ca68cfd576b77,13.63658239,0,34.85939484,0,48.49597723,0.5786252521964296,4200.0,4249.074602480475
1943,0x9905f4a16a97973cb9a425408404a686fce6c87b,13.63610708,0,34.85817881,0,48.49428589,0.7083686779454041,4200.0,4249.202654567277
1944,0x1df801cff0ba491b96dcaab346d013d57feaf959,13.63569514,0,34.85712492,0,48.49282006,132.3629674325154,4200.0,4380.85578749476
1945,0x2367eadc51c0a5bab72bf89296bc0c4bc27ec5de,20.61209786,14.11048206,120.49272278,0,155.21530271,173.25702018845286,9600.0,9928.47232289486
1946,0x1aefb32511fc0f70cff6d22b63436c6474c42a36,7.98365199,0,46.63100443,0,54.61465641,106.41919157940261,9600.0,9761.03384799333
1947,0x587f3b1e1073d155aeaa1ee74ad29ec7e013bf01,43.14826405,0,15.79249442,0,58.94075847,0.7598820811306674,600.0,659.7006405528307
1948,0x81359eca0ca7b3612fdbf67a574a7e8f8481c068,43.13086773,0,157.86105388,0,200.9919216,0.5473125828900339,6000.0,6201.539234187429
1949,0x2328f40608fb95999fcc819a1499315b1c53e370,43.13032904,0,189.4293894,0,232.55971844,104.5778143152753,7200.0,7537.137532756265
1950,0x2524f8220880b26f4055e64805a45de8b0d4b57f,0,0,0,0,0,0,0.0,0
1951,0x420db080f8001893ac557b21c3bba7f64774df7a,13.80560244,26.61954926,5.04168791,0,45.46683961,0.3335435964395751,600.0,645.8003832020437
1952,0x0379e194cf4977aff5125f67042c43d2d5c00d0f,13.8067115,0,30.24793855,0,44.05465005,0.942141210042861,3600.0,3644.996791259307
1953,0xa76a56fd32ce7835d1b1c3dd1a1531f90e7dabd5,13.80515882,0,25.20762883,0,39.01278765,62.17771729630797,3000.0,3101.190504944661
1954,0x7f57369460e1fa2bb10dc75175bb6bb5e66c0517,13.80465182,0,25.20670231,0,39.01135414,4.250166726855194,3000.0,3043.2615208650664
1955,0xa27713462d9a819fb5e8ba44d71e197f031c9cc5,13.80398639,0,25.20548626,0,39.00947266,0.5191219200236312,3000.0,3039.5285945761734
1956,0xbf4f53f01cc6d05d78d036434b2dd378c25207fa,13.80328927,0,25.20421231,0,39.00750158,0.6120866807183678,3000.0,3039.6195882604234
1957,0x14643480c8393281d1d1fa84080dd10447bb3cb8,13.80281396,0,25.2033437,0,39.00615766,0.22014293915003358,3000.0,3039.226300603097
1958,0x2afff72cb02f5f0424daeec8dae29b265af34662,13.80243371,0,25.20264882,0,39.00508253,0.645986718099655,3000.0,3039.6510692494403
1959,0xda27b6bd6a468fa436d10db4c4ff1cb622446e69,13.80179997,0,25.20149068,0,39.00329064,0.0487121513137342,3000.0,3039.0520027949774
1960,0x8c36b5be533fe5f5d42dfe1b1f8976cfa4440efb,6.90308641,0,25.20948185,0,32.11256826,0.3469360766570132,3000.0,3032.4595043376935
1961,0xf21d15a0ba8125ce364e1eaf9e950a0e75462744,35.30033384,0,335.71547099,0,371.01580483,26.34280282885423,15600.0,15997.35860765669
1962,0x62b0b15c173eaca453ba92a7bd678a1715504b53,185.93101614,26.61060384,80.19426316,0,292.73588314,0.5764596832513217,600.0,893.3123428281749
1963,0xc4b8ef33434a230ceecad1080f2b0401c2d252eb,0,0,0,0,0,0,0.0,0
1964,0xaa61b7d021c0fbb92ca6f0a75c351662ec883566,0,0,0,0,0,0,0.0,0
1965,0x574c24b7e76506dec55530d71ff86da09b02f452,10.75367183,0,109.93735777,0,120.69102961,359.51869737361056,16800.0,17280.20972697874
1966,0xf01203c915d2826dd496f92218d7b64f45525a82,45.25565963,12.36445958,99.39982959,0,157.01994879,134.13462146752357,3600.0,3891.154570261743
1967,0x5911f332c84ce5033c3f8ce03a16b21ec5c98fe5,45.25521601,0,16.56647528,0,61.82169128,79.51145984776002,600.0,741.3331511297893
1968,0xeae4c023fb34dd9e17de1567f7e55575c9ea50c5,45.25467732,0,16.56627736,0,61.82095468,78.81550472896289,600.0,740.636459411737
1969,0xaf7ee14826e87122c73369b7a9c9345f5d87f691,45.25188884,0,215.34643608,0,260.59832492,40.473119839661514,7800.0,8101.07144475686
1970,0xb3a105f7dcdcd714e6d2b420ce6efe833141c4c6,45.25150859,0,16.56511315,0,61.81662175,0.6100951715562025,600.0,662.426716917535
1971,0xfd00a9632e92acaba8aaa126e57f18c33d7a9b8c,45.25106497,0,16.56495016,0,61.81601513,0.23868250158999776,600.0,662.0546976364175
1972,0xa77f5fec10548963470c320099d67625ef620c02,45.25068472,0,16.56481046,0,61.81549518,0.8135461646632909,600.0,662.6290413470754
1973,0x76479258e48f9321af7cf72b7cd91f048f136517,45.25033616,0,16.5646824,0,61.81501856,0.16325708552843157,600.0,661.978275644893
1974,0x29aa6d7f522b6a1b94e865331bd0c336db3dc3a4,0,0,16.94770802,0,16.94770802,47.73295628098233,600.0,664.6806643057753
1975,0x9bc1c49927572210caca7f746fcab721a3eda06c,0,0,0,0,0,1,0.0,1
1976,0xbb3cea541568f183e7eb877ea77c4b57fb810c9b,0,0,0,0,0,0,0.0,0
1977,0x851269c5198028ce34eb3df39f5d574a98bccadb,0,0,0,0,0,0,0.0,0
1978,0xa6d548c567d2e15af733698b7d501ccaa79273a6,0,0,0,0,0,0,0.0,0
1979,0x8d2315f9a9c47409b4075a5700a6bbbccc374688,0,0,0,0,0,0,0.0,0
1980,0x7f44177677c3b155af456b87b3c939c74d573934,0,0,90.82941371,0,90.82941371,0.7666031054517063,1200.0,1291.5960168194072
1981,0x51cf8807833013add8eb7e06d3f55daa0421f3d5,68450.9467996,0,56040.26977903,0,124491.21657863,661.5888083092681,1339200.0,1464352.8053869377
1982,0x02acdeae938626758f642b28d7fce34dea7f8127,68451.3587553,0,60735.76749546,0,129187.12625076,593.469513248693,1451400.0,1581180.5957640116
1983,0x46fe191652d0693d77abe1cbeb12285dce941d54,68451.770711,0,57020.15823584,0,125471.92894684,154.20957149809598,1362600.0,1488226.138518338
1984,0xcfc9fb476ad5b33807cfa2de0f36ddcaf6faa821,68452.2777334,0,55765.17603631,0,124217.45376971,1063.6754931332407,1332600.0,1457881.129262846
1985,0x3eb49bd5b7ecc13aef3c995ef146242c9ac3a968,57596.74319866,2.29827194,40656.43058313,0,98255.47205373,9158.706693818061,1061400.0,1168814.1787475469
1986,0x11ead6930e283ff039a2a9b3b6464c732b70fd93,0,0,0,0,0,0,0.0,0
1987,0xe666cc143761ecdf547750da5462851fe662ff82,45.2589868,0,165.67707022,0,210.93605702,47.049525696520256,6000.0,6257.98558271551
1988,0x92c271c5231f20b69e8e9e560869b1c2cbf5a043,45.25854317,0,16.56769771,0,61.82624088,0.7682290716938018,600.0,662.5944699526004
1989,0xe5dd4c7aa1056981d1fb23a57c39e17d819d047a,62.60745026,0,22.95285394,0,85.5603042,0.6427749733616144,600.0,686.2030791717171
1990,0x77cbdf54021c7a1bdbeab480870d0c914a6150a9,2.4515107,17.06480459,167.16873227,0,186.68504757,236.437421771657,112200.0,112623.12246933822
1991,0xcdd19cffb32f6b30d4f7d76d1c7f6da170e7b109,2.45049656,0,0.89415926,0,3.34465582,1.6750125763642627,600.0,605.0196683930229
1992,0x27e3473d19ef609241128a9450c9c5a948b57e61,2.4499261,0,0.89395105,0,3.34387715,1.6090412638720581,600.0,604.9529184118704
1993,0x3addac6ccbd85b26e2ff551d4a9cfaa20f733b1c,2.44935564,0,0.89374284,0,3.34309848,1.9599014878230179,600.0,605.3029999671611
1994,0x11b1293dfff1c2ea984c3e26a25a6e1efc44d9df,45.25778268,0,16.56741829,0,61.82520097,0.40881265541584744,600.0,662.2340136270304
1995,0x54a90eafb125130c00e030de3a37538ef19ffcee,2.44891195,0,0.8935809,0,3.34249285,2643.0858745577502,600.0,3246.428367405908
1996,0xb8ace264f3354dbcee9b5404c6c1c73b2180c688,45.25816293,0,16.567558,0,61.82572093,0.1441545972400106,600.0,661.9698755235006
1997,0x29595a819960117f0d4dc474cddb29d131cb9897,2.44808796,0,0.89328015,0,3.3413681,1.8782764163464258,600.0,605.2196445208839
1998,0x237c60b197167fe23f953b0440f8e6aeb72d9507,2.44761258,0,0.89310664,0,3.34071921,1.5566403037926304,600.0,604.8973595177798
1999,0x0898d4f2447369b747d1646bd6e444d847a9fcee,2.44713719,0,0.89293313,0,3.34007032,1.8606656080692539,600.0,605.2007359315062
2000,0xe108aa76f46a44aa15eafba564f47931758cddac,2.4466935,0,0.89277119,0,3.33946469,1.605223778683867,600.0,604.9446884709406
2001,0xc48eb5be2224744950dcab9599a1edc49c0ecc90,2.44628151,0,0.89262081,0,3.33890232,1.9305716438513878,600.0,605.269473964298
2002,0xef384d9294dddef9c8e3b86aa81fd3f794befa07,2.44555259,0,0.89235477,0,3.33790735,1.7447958806145751,600.0,605.0827032355508
2003,0xfac5682b9e932ceffc1a221fac08a60c2e4ba7fb,2.44498213,0,0.89214656,0,3.33712869,1.1569135374087398,600.0,604.4940422236846
2004,0x07880ff1b0ff482ebd59f0218b3e2222c7e2e7d5,2.44453844,0,0.89198461,0,3.33652306,1.8684530843529068,600.0,605.2049761394486
2005,0xfc08eb4d2c0d9ffd017455cff3006f56e492fca8,2.44412644,0,0.89183424,0,3.33596068,1.2034372798506174,600.0,604.539397963136
2006,0xa10f98f01bf0ef6945a422217696e7145c46b9f5,2.44371445,0,0.89168386,0,3.33539831,1.6146139719020058,600.0,604.9500122833772
2007,0xe16db721b84cee1160ccc1539640deb1fe1ae79b,97.19994162,0,35.74441986,0,132.94436148,201.44459712072373,600.0,934.3889585977495
2008,0xcae74c15627f93bd31fa6252899453cd6d08f1c6,2.44314399,0,0.89147565,0,3.33461964,1.3422087210472085,600.0,604.6768283638621
2009,0x3aafae462ded6d1275c57a9c940091b2b34a157a,2.4427003,0,0.89131371,0,3.33401401,1.4751491963853884,600.0,604.8091632080201
2010,0xd946b1f462d508ebc3dbdbc037998b37deacf20e,2.44231999,0,0.8911749,0,3.3334949,1.2456524599958954,600.0,604.5791473591904
2011,0x7f97eede90f84f76815607a8e2391f229df07607,2.44184461,0,0.8910014,0,3.33284601,1.057847745228917,600.0,604.3906937538732
2012,0xb259f497cb59cf525aa987bea18d1c37164e76ff,2.441496,0,0.89087416,0,3.33237016,1.4074947459274816,600.0,604.7398649015016
2013,0xd82b5ed0abfafcc6c3d0563b38485f7fbaf755d9,2.44105231,0,0.89071221,0,3.33176452,1.4496069090504184,600.0,604.7813714334443
2014,0x54e53ad50c686e0e555934dd828cb2c89b6d08b4,2.44054524,0,0.89052714,0,3.33107237,1.4188028494399478,600.0,604.7498752239136
2015,0x4ad955e883db425a850f17f9d6c17d4a11fdd803,2.44010155,0,0.8903652,0,3.33046674,1.0848899008705553,600.0,604.4153566441639
2016,0x195db4f4a42a708c6f9a9eb2c6310e11c0425f46,2.43968955,0,0.89021482,0,3.32990437,1.2847683053409271,600.0,604.6146726768242
2017,0x529de8552bf4fe5ef27ed58214c3442649814285,2.43918248,0,0.89002975,0,3.32921222,1.9082181165488599,600.0,605.2374303381118
2018,0xa48ccdae4b28361735eac88d80b75ea9bc2c1e99,2.43880217,0,0.88989094,0,3.32869311,1.9035309059381607,600.0,605.2322240150609
2019,0x0d8383cacc2b86440d841b025e2ea0d25f1c2a3c,2.43832679,0,0.88971743,0,3.32804422,1.5252983012247403,600.0,604.8533425197973
2020,0x75cc8c56afa3c4ddb79fa55229d941814b11749e,2.4378831,0,0.88955549,0,3.32743859,1.5648056858849937,600.0,604.8922442732772
2021,0x65fd353946bed7c852abcc1499b112c747713ee2,2.43737603,0,0.88937041,0,3.32674644,1.7995167657668054,600.0,605.1262632032389
2022,0x155bcd24b1dba06e664abe97709cfdab173ef116,2.43693234,0,0.88920847,0,3.32614081,1.4822200705625042,600.0,604.8083608768543
2023,0x2718e62d844a2d16a1bde5d8ed5b8c9ea455dd7c,2.43648865,0,0.88904653,0,3.32553518,1.8730964239942005,600.0,605.1986315991057
2024,0x672f63d626156d23683425167b720033f5eba4a6,2.43566465,0,0.88874578,0,3.32441043,1.7299896779333253,600.0,605.0544001094245
2025,0x852000f2274c2abad703e0d9087673d38b181c9d,2.43525266,0,0.8885954,0,3.32384806,1.6741859250952,600.0,604.9980339847762
2026,0x0f449585c376e35b5cac68465736e1b252b457fc,2.43487235,0,0.8884566,0,3.32332895,1.6314292722692294,600.0,604.95475821951
2027,0xcf448dbd5e840e0c47c0c07ba120783bcd8a67fc,2.43446035,0,0.88830622,0,3.32276658,1.6235615912401147,600.0,604.9463281666707
2028,0x273c5c9c50f0999d3a1089ab66a31c91a889bd3f,2.43344621,0,0.88793607,0,3.32138228,1.5891279670397112,600.0,604.9105102426298
2029,0x1b44f99d0fc997694131e8b5dce8dd5a901faf40,2.43300252,0,0.88777413,0,3.32077664,1.5631706624804582,600.0,604.8839473068903
2030,0xc9bb5637bbf5df8d65eb3298dffc7c0c6334b7e3,2.42869239,0,0.88620098,0,3.31489337,1.3591161512820522,600.0,604.6740095213697
2031,0x642181078f79ff94a3dad5d36eb57a8c7cc766ae,2.42821701,0,0.88602747,0,3.31424448,1.32074296048507,600.0,604.6349874400224
2032,0xf2b61226303b00fa820369f69fa570543fe10944,2.4278367,0,0.88588866,0,3.31372537,1.3059030046771525,600.0,604.6196283717744
2033,0x63b24dd8fb42ad0c1ce4dbe0295625c98beece21,2.42739302,0,0.88572672,0,3.31311974,1.2913745451540406,600.0,604.6044942810711
2034,0x74ff99e706d4326c2b5a817e304b42e6a07217a2,2.42688594,0,0.88554164,0,3.31242759,1.2481708690588698,600.0,604.5605984550556
2035,0xef5066248892cfc41c5caa6714f88a91fcb95c7b,2.42644225,0,0.8853797,0,3.31182195,1.235452051682277,600.0,604.5472740064988
2036,0x0bcee680068cad7d4d4b6c95bf2ca56bcc2bb4e7,2.4258401,0,0.88515992,0,3.31100003,1.2226799015106873,600.0,604.5336799282969
2037,0x553553d95ea6799bd95d6dd1bc70bb4ef4a5c610,2.42549149,0,0.88503268,0,3.31052417,1.100509597925928,600.0,604.411033771642
2038,0x5b535ef3a054fbbe57a8f8c70125bcbd94c9972e,2.42507949,0,0.88488231,0,3.3099618,1.098459421104537,600.0,604.4084212230104
2039,0x31f0abb532a4e3764980864487044cd5fb866865,2.42450903,0,0.8846741,0,3.30918313,1.1173107702527019,600.0,604.4264939034982
2040,0xecdda9ffe9b82f443c2e1dd5b042ecc37b1e6d18,2.42409704,0,0.88452372,0,3.30862076,1.0012356765468486,600.0,604.3098564379821
2041,0x6c934af3b083662f96ce3a1d76e9a44d3c0119a5,2.42365335,0,0.88436178,0,3.30801513,1.6740819701847005,600.0,604.9820971004398
2042,0xe1121f4a42ae9b5b03a7e5498fc99aea8cdf2409,2.45097194,0,0.89433277,0,3.34530471,1.020156601197679,600.0,604.3654613084066
2043,0xbb911d051124d0517082f6e21ac96450e03b355b,2.42295612,0,0.8841073,0,3.30706342,1.910322257159329,600.0,605.2173856812741
2044,0x5466dad2e7570fd9c5a3a1ea6720aec26cc304a7,2.42244905,0,0.88392223,0,3.30637128,1.8962458989144355,600.0,605.2026171742099
2045,0xbe914b63dc8f26156fd251772779fe5e69afc91f,0,0,0,0,0,0,0.0,0
2046,0x26c22e4b7b7406a2dd0bbdc7a7c62dddf3233343,0,0,489.09013147,0,489.09013147,244.60150729,600.0,1333.6916387627957
2047,0x7eac290b47471fdfd9848e938aab2032e560c125,0,0,0,0,0,0,0.0,0
2048,0x8a95e4ef32bf2c252ce98023d7ca0f498e39293c,0,0,0,0,0,0,0.0,0
2049,0xdcc51907562578c417491f4d66660872946b517a,22.77098529,0,282.91609001,0,305.68707531,986.8245495475005,20400.0,21692.511624856357
2050,0x9b4c59c7d9f7c492326a97313c136b97df697012,2.76253697,11.46053107,40.31705032,0,54.54011835,0.9117060470060047,48000.0,48055.45182440124
2051,0xcb1821315bd40924220049d9363b0d17f76f39dc,73.82389466,0,538.96764557,0,612.79154023,0.9052233187970475,120000.0,120613.69676355149
2052,0x5226a4bca01db0d55cb49baf9f6a37260ea7f573,0,0,489.09013147,0,489.09013147,205.57178722,600.0,1294.6619186927956
2053,0x08655228607ae8f062c79abf421f7585b658dba7,0,0,0,0,0,0,0.0,0
2054,0xcc4fbce95604cdee3ec9aeb3629f18e45a988717,0,0,58690.81577674,0,58690.81577674,945198.60382435,72000.0,1075889.4196010856
2055,0x9af36baf1956731263e9d625bdcc35c4f30488df,0,0,9384.05457476,0,9384.05457476,15150.348870747186,238800.0,263334.40344550414
2056,0x05a9cec81b5c49d79b5b81525e9ffac0953d36fe,162.58264467,162.39567833,60.7439949,0,385.7223179,2.2083222937334606,600.0,987.9306401914275
2057,0x0be4950cdd56beb87a31e68dcceac99e349a1820,81.29171859,0,60.74430593,0,142.03602452,0.42884434145612454,600.0,742.4648688588508
2058,0x541e9da67d36575507505beeaaa8ad85e49b707a,162.58201067,0,60.74374607,0,223.32575673,58.369495966870645,600.0,881.6952526989361
2059,0xa0cc1d96013b76120025de49c39cded9fab62047,81.29220994,0,60.74469161,0,142.03690155,114.9990066855925,600.0,857.035908239714
2060,0xc61e4dd12028d315bf11e91dd7086597e438bbc6,81.29064078,0,60.74345991,0,142.03410069,3.9714884894516636,600.0,746.0055891843489
2061,0x9692c601231a8732a122d0f199ba2f834f28db62,162.57701801,0,60.73979015,0,223.31680816,8.0552659663,600.0,831.3720741292968
2062,0xc2b75e129b52d7123efa7c8c52283a5c5c24b92f,162.56967974,0,60.73446668,0,223.30414642,3.05055835865,600.0,826.3547047777255
2063,0x0426fe13e9b00d8a5de150b7501612db3be59d83,162.56888783,0,60.73421793,0,223.30310577,3.0448237281999093,600.0,826.3479294937699
2064,0x902c00b34c4f164798fda93aadf83b94d55ab4b1,162.56790539,0,60.73370801,0,223.3016134,4.03878626595,600.0,827.3403996652831
2065,0x38534152db77a1c4c18cc6c133f75212ffb36349,81.28848517,0,0,0,81.28848517,600.0335213151332,0.0,681.3220064817332
2066,0xddf171b5144cab4dd8d096189c0d8f3ed26baed6,0,0,0,0,0,0,0.0,0
2067,0xd70f7543d4dec971556bbef2fee0b1eb6dcbeecb,0,0,0,0,0,0.000000000000147,0.0,0.000000000000147
2068,0xff06f1a4ea743fe24d8012182093c60e868195f6,0,0,0,0,0,0,0.0,0
2069,0x908a911317d0f232cce6d2f445b99eb0033033c4,0,0,0,0,0,0,0.0,0
2070,0x61748e6c27c6cd2b6d3ee4760509d19e15a2f8d6,0,0,0,0,0,0,0.0,0
2071,0x08c5cf44f4edb1495277889b8e79fc6366f99cc1,0,0,0,0,0,0,0.0,0
2072,0x64d8f195eba1824b6bdb47f7f937d302338cd6cc,0,0,0,0,0,0,0.0,0
2073,0x42093094dc2dabdc35fa200177b9902b2fc12385,0,0,489.09013147,0,489.09013147,604.975133445,600.0,1694.0652649177955
2074,0xa4b46c8e7e325068a0f6205fa347155e2cccb03b,0,0,0,0,0,0,0.0,0
2075,0x458fb60d4fabb8da5b7da0fd43ef2a86c7d9545b,0,0,0,0,0,0,0.0,0
2076,0x345ba29bb737154d8627143fe0639b6cb9c649e4,0,0,0,0,0,91.93556758441521,0.0,91.93556758441521
2077,0x86740c9baf5ff1b65e64284dc733b3992aa25101,0,0,88.16058043,0,88.16058043,42.01238749693726,600.0,730.1729679224679
2078,0x762f104152e6dbbdb76ab16a6a95707be1fdeb96,0,0,67.30179935,0,67.30179935,0.12925507666378852,4800.0,4867.431054428398
2079,0xa4402952e4f42fed2ab1ca24fa666b9865a28cb4,0,0,213.82999629,0,213.82999629,181.28545558587405,3000.0,3395.1154518799503
2080,0x217110dbddb8d8760bc2f815611b03e17ede98cb,0,0,0,0,0,0,0.0,0
2081,0x0e2369231c2b5905efee2a77cea620de170906bc,0,0,0,0,0,0,0.0,0
2082,0x163e28f2183d74ac28fae1b86c0141fca0158bec,0,0,0,0,0,0,0.0,0
2083,0xcf492aef4d485bf5445b6158c9d70024e421dbbc,0,0,0,0,0,0,0.0,0
2084,0x69f469f356bbd987ee3376a282654b070aadbd6e,0,0,35.70672229,0,35.70672229,454.3829741786309,600.0,1090.0896964647955
2085,0x516e6d2b21085602560e1b9306ecb9a4e91d9507,0,0,0,0,0,0,0.0,0
2086,0x011c409adaa14e242147637da02f69318b7cda53,0,0,1.07888819,0,1.07888819,489.0093434931763,600.0,1090.0882316847956
2087,0xdb7e005f950b139fdd76e7d19bcd6f7eda7cbbfe,0,0,0,0,0,0,0.0,0
2088,0x39ef182225511e82e20031fa0fa637e95851f842,0,0,0,0,0,500,0.0,500
2089,0xff6fbc497845fbeabec7337d7f4f57011f9ea34f,0,0,0,0,0,0,0.0,0
2090,0xc73e8011cb509567f996782b9feded2fca800d9a,0,0,5869.08157767,0,5869.08157767,388.11501902888455,7200.0,13457.19659670243
2091,0x3ae8d643dfd3fc844e99d1dddb7ac35d4f2d8a09,0,0,14.46630824,0,14.46630824,45.30226392416784,35400.0,35459.768572162466
2092,0x73ef307f06e01841530930747b1e81dac1280b96,0,14.26627608,65.72351448,0,79.98979055,59.845957905686234,1200.0,1339.8357484570615
2093,0x382bf6886693606ab21f2326352b4112dc4a6392,0,0,35.66632267,0,35.66632267,1.999943472,600.0,637.6662661407078
2094,0x761cbbe482713e6e029e80ac6f5dc644e9009ffd,0,0,35.66586375,0,35.66586375,1.999943472,600.0,637.6658072204859
2095,0x4094f5a20bcf2deda7359b2a77cbdabd7e27ab30,0,0,35.66546367,0,35.66546367,1.999943472,600.0,637.6654071436445
2096,0x0c981f345db854e989c08e94108cfb46df7ce4a5,0,0,35.66511067,0,35.66511067,1.999943472,600.0,637.6650541391907
2097,0x4f6dda003dbe60ef2beb374d575f53a46eecd511,0,0,0,0,0,1.7,0.0,1.7
2098,0x23b6aef6ab0ed44d137256984a3fc8da7e9c79f9,0,0,0,0,0,4.945848824,0.0,4.945848824
